{"stats":{"minecraft:killed_by":{"minecraft:warden":12},"minecraft:dropped":{"minecraft:glass_bottle":1,"minecraft:cherry_door":1,"minecraft:gravel":1,"minecraft:rotten_flesh":1,"minecraft:salmon":1,"refurbished_furniture:television_remote":1,"minecraft:barrier":1,"minecraft:skeleton_horse_spawn_egg":1,"minecraft:kelp":4,"minecraft:player_head":66,"minecraft:wither_skeleton_skull":1,"minecraft:oak_sign":1,"minecraft:calcite":1},"minecraft:killed":{"minecraft:zombified_piglin":1,"minecraft:pufferfish":1,"minecraft:cat":2,"minecraft:zombie":3,"minecraft:warden":3},"minecraft:mined":{"minecraft:dirt":1},"minecraft:custom":{"minecraft:interact_with_crafting_table":1,"minecraft:open_barrel":2,"minecraft:leave_game":20,"minecraft:time_since_death":21543,"minecraft:sprint_one_cm":322066,"minecraft:drop":18,"minecraft:play_time":1452959,"minecraft:deaths":23,"minecraft:jump":3019,"minecraft:walk_on_water_one_cm":151781,"minecraft:sleep_in_bed":2,"minecraft:damage_dealt":17030,"minecraft:crouch_one_cm":79086,"tombstone:undead_killed":4,"minecraft:mob_kills":16,"minecraft:interact_with_anvil":8,"minecraft:fill_cauldron":2,"minecraft:climb_one_cm":1067,"minecraft:walk_one_cm":2329817,"minecraft:damage_dealt_absorbed":14,"minecraft:sneak_time":68693,"minecraft:walk_under_water_one_cm":343744,"minecraft:total_world_time":1452959,"minecraft:pot_flower":55,"minecraft:time_since_rest":21231,"minecraft:damage_taken":7663,"minecraft:fly_one_cm":7052851,"minecraft:swim_one_cm":3591,"minecraft:open_chest":3,"minecraft:fall_one_cm":17687},"minecraft:used":{"minecraft:cherry_sapling":27,"minecraft:moss_carpet":42,"minecraft:iron_shovel":3,"minecraft:polished_deepslate":1,"refurbished_furniture:spruce_drawer":2,"minecraft:diamond_hoe":2,"minecraft:oak_sign":46,"minecraft:axolotl_spawn_egg":160,"minecraft:decorated_pot":17,"minecraft:chest":2,"minecraft:stone":506,"securitycraft:security_camera":1,"minecraft:grass":2,"minecraft:quartz_stairs":44,"minecraft:bubble_coral":8,"minecraft:player_head":9,"minecraft:tube_coral":10,"minecraft:sculk_sensor":2,"minecraft:white_candle":5,"refurbished_furniture:dark_oak_storage_jar":3,"minecraft:skeleton_spawn_egg":1,"minecraft:orange_wool":3,"minecraft:deepslate_tile_slab":160,"chisel:jellybean/andesite":541,"minecraft:cracked_deepslate_tiles":1,"minecraft:yellow_candle":24,"minecraft:acacia_button":3,"decorative_blocks:lattice":20,"minecraft:obsidian":60,"minecraft:stripped_spruce_log":18,"minecraft:milk_bucket":6,"minecraft:big_dripleaf":2,"minecraft:warden_spawn_egg":1,"minecraft:polished_deepslate_stairs":157,"minecraft:polished_blackstone_slab":2,"minecraft:glass":5,"securitycraft:camera_monitor":1,"minecraft:red_wool":29,"minecraft:quartz_slab":91,"minecraft:lantern":67,"minecraft:grass_block":1412,"refurbished_furniture:light_microwave":2,"refurbished_furniture:white_lamp":5,"connectedglass:clear_glass_pane":10,"stoneworks:stone_tile_slab":65,"minecraft:cherry_leaves":660,"refurbished_furniture:dark_lightswitch":4,"minecraft:diorite_wall":5,"minecraft:pink_wool":2,"decorative_blocks:dark_oak_palisade":9,"stoneworks:diorite_shingles":91,"minecraft:stone_bricks":214,"connectedglass:borderless_glass_pane":9,"chisel:zag/gray_concrete":9,"connectedglass:borderless_glass_white_pane":24,"stoneworks:deepslate_shingle_slab":1,"minecraft:repeater":6,"minecraft:red_carpet":112,"minecraft:redstone_lamp":3,"minecraft:scaffolding":21,"chisel:llama/purple_wool":3,"minecraft:polished_diorite_stairs":251,"refurbished_furniture:oak_hedge":9,"minecraft:pearlescent_froglight":1,"securitycraft:alarm":23,"minecraft:seagrass":16,"refurbished_furniture:dark_oak_table":8,"minecraft:oak_chest_boat":2,"securitycraft:reinforced_stone_button":2,"chisel:dent/quartz":1,"minecraft:deepslate_brick_wall":68,"minecraft:light_blue_carpet":116,"refurbished_furniture:dark_range_hood":11,"securitycraft:electrified_iron_fence":5,"minecraft:dark_oak_stairs":18,"minecraft:mossy_stone_bricks":71,"minecraft:end_rod":9,"minecraft:tube_coral_fan":2,"minecraft:spruce_door":9,"minecraft:gray_carpet":63,"minecraft:polished_diorite_slab":4,"variantvanillablocks:jungle_chest":3,"minecraft:composter":6,"minecraft:redstone_block":21,"refurbished_furniture:gray_sofa":11,"minecraft:smooth_quartz_stairs":2,"minecraft:white_wool":12,"minecraft:brain_coral":3,"minecraft:dark_oak_trapdoor":23,"minecraft:sand":297,"minecraft:light_blue_concrete":150,"minecraft:pitcher_pod":1,"refurbished_furniture:spruce_desk":8,"minecraft:blast_furnace":1,"minecraft:yellow_concrete":83,"minecraft:skeleton_horse_spawn_egg":1,"minecraft:sponge":15,"minecraft:chiseled_quartz_block":88,"minecraft:ochre_froglight":120,"minecraft:gray_concrete":34,"minecraft:stone_brick_wall":118,"minecraft:stripped_cherry_wood":1,"refurbished_furniture:computer":4,"minecraft:deepslate_brick_stairs":2,"minecraft:crimson_fence_gate":18,"minecraft:lightning_rod":37,"minecraft:birch_fence":1,"minecraft:deepslate_tiles":1013,"minecraft:redstone_torch":6,"securitycraft:floor_trap":5,"minecraft:lever":6,"refurbished_furniture:black_lamp":1,"minecraft:cherry_hanging_sign":33,"minecraft:mangrove_door":2,"chisel:pillar/diorite":10,"chisel:road/andesite":9,"minecraft:string":10,"minecraft:barrier":33,"minecraft:stone_button":27,"refurbished_furniture:gray_toilet":9,"variantvanillablocks:birch_smoker":6,"refurbished_furniture:white_toilet":1,"refurbished_furniture:gray_bath":5,"minecraft:deepslate":3,"minecraft:gravel":110,"minecraft:cat_spawn_egg":3,"minecraft:polished_andesite_slab":77,"chisel:smooth/dark_oak_planks":55,"minecraft:soul_lantern":11,"securitycraft:mine":1,"minecraft:magenta_stained_glass_pane":24,"minecraft:diamond_sword":4,"decorative_blocks:dark_oak_support":15,"variantvanillablocks:spruce_chest":2,"securitycraft:motion_activated_light":1,"minecraft:grindstone":1,"connectedglass:borderless_glass_red":281,"minecraft:smithing_table":2,"minecraft:andesite":17,"minecraft:white_stained_glass":2,"chisel:raw/light_gray_concrete":2,"minecraft:chain":15,"minecraft:pink_stained_glass":29,"minecraft:oak_boat":2,"minecraft:white_concrete":244,"minecraft:bone_meal":841,"refurbished_furniture:door_mat":5,"stoneworks:deepslate_shingle_stairs":1,"minecraft:netherite_sword":3,"stoneworks:deepslate_shingles":1,"minecraft:polished_blackstone_brick_slab":3,"minecraft:crimson_fence":20,"minecraft:cherry_wood":36,"decorative_blocks:dark_oak_seat":4,"connectedglass:clear_glass_pink":22,"minecraft:orange_concrete":227,"minecraft:flint_and_steel":136,"refurbished_furniture:dark_oak_cutting_board":4,"minecraft:brain_coral_fan":1,"chisel:chaotic_bricks/andesite":7,"minecraft:armor_stand":10,"minecraft:red_concrete":87,"stoneworks:diorite_shingle_stairs":70,"minecraft:redstone":17,"minecraft:light_gray_carpet":6,"minecraft:spruce_planks":9,"refurbished_furniture:light_fridge":5,"connectedglass:borderless_glass_black_pane":51,"minecraft:mangrove_fence":10,"minecraft:wooden_shovel":46,"refurbished_furniture:dark_ceiling_light":23,"minecraft:netherrack":674,"minecraft:torch":16,"minecraft:dirt":641,"minecraft:anvil":5,"stoneworks:diorite_shingle_wall":20,"minecraft:spruce_stairs":5,"minecraft:stone_stairs":65,"minecraft:nether_brick_slab":1,"minecraft:yellow_carpet":11,"chisel:panel/andesite":4,"chisel:large_tile/glowstone":2,"minecraft:spruce_fence":1,"minecraft:nether_brick_stairs":9,"minecraft:polished_diorite":59,"minecraft:shroomlight":285,"decorative_blocks:bar_panel":10,"chisel:chaotic_bricks/stone":496,"minecraft:stone_brick_slab":34,"refurbished_furniture:recycle_bin":2,"minecraft:dark_oak_planks":124,"minecraft:sea_lantern":237,"refurbished_furniture:dark_oak_desk":2,"refurbished_furniture:black_stool":2,"connectedglass:tinted_borderless_glass":50,"chisel:array/andesite":7,"minecraft:cherry_slab":95,"minecraft:polished_deepslate_wall":161,"minecraft:crimson_slab":367,"minecraft:cherry_trapdoor":233,"stoneworks:stone_tile_stairs":121,"minecraft:red_candle":51,"minecraft:cherry_fence_gate":200,"variantvanillablocks:dark_oak_chest":2,"minecraft:crimson_planks":264,"chisel:smooth/birch_planks":17,"minecraft:barrel":54,"minecraft:bamboo":35,"securitycraft:sentry":1,"minecraft:basalt":18,"minecraft:glowstone":31,"refurbished_furniture:light_lightswitch":9,"minecraft:magenta_wool":1,"minecraft:tall_grass":1,"minecraft:pitcher_plant":1,"chisel:small_bricks/gray_concrete":2,"minecraft:deepslate_tile_stairs":218,"minecraft:podzol":2,"tombstone:gift":2,"minecraft:cobbled_deepslate":10,"minecraft:cherry_fence":293,"minecraft:cherry_log":540,"minecraft:light_gray_bed":2,"minecraft:horn_coral_fan":14,"variantvanillablocks:birch_smithing_table":1,"minecraft:cobbled_deepslate_wall":1,"minecraft:calcite":1085,"stoneworks:cobbled_andesite_slab":98,"variantvanillablocks:spruce_chiseled_bookshelf":4,"minecraft:water_bucket":1222,"refurbished_furniture:plate":1,"securitycraft:projector":1,"minecraft:amethyst_block":4,"minecraft:birch_planks":78,"chisel:panel/glowstone":1,"minecraft:polished_andesite":11,"minecraft:bubble_coral_fan":1,"refurbished_furniture:dark_oak_storage_cabinet":4,"refurbished_furniture:gray_kitchen_sink":1,"stoneworks:cobbled_calcite_stairs":21,"chisel:panel/stone":94,"securitycraft:panic_button":2,"minecraft:cherry_planks":10,"chisel:large_tile/andesite":222,"minecraft:cauldron":2,"minecraft:spruce_sign":1,"minecraft:stonecutter":1,"minecraft:deepslate_bricks":61,"minecraft:cracked_stone_bricks":93,"refurbished_furniture:gray_kitchen_cabinetry":11,"minecraft:pink_concrete":1,"minecraft:polished_deepslate_slab":478,"connectedglass:clear_glass":9,"minecraft:stripped_dark_oak_log":33,"minecraft:vine":45,"minecraft:crafting_table":1,"minecraft:red_bed":2,"minecraft:crimson_trapdoor":47,"stoneworks:cobbled_andesite_stairs":25,"refurbished_furniture:black_sofa":4,"minecraft:campfire":50,"minecraft:fire_coral":11,"minecraft:painting":1,"minecraft:magenta_carpet":115,"refurbished_furniture:gray_basin":7,"minecraft:spruce_log":73,"minecraft:dark_oak_door":19,"minecraft:deepslate_tile_wall":47,"minecraft:oak_log":83,"minecraft:amethyst_cluster":12,"refurbished_furniture:dark_electricity_generator":2,"minecraft:piston":17,"minecraft:flower_pot":55,"minecraft:diamond_shovel":289,"minecraft:cherry_door":25,"refurbished_furniture:light_ceiling_light":33,"minecraft:command_block":1,"decorative_blocks:chain":15,"minecraft:magenta_concrete":139,"refurbished_furniture:brown_kitchen_storage_cabinet":4,"stoneworks:polished_calcite":5,"minecraft:spruce_trapdoor":9,"chisel:sunken/stone":20,"securitycraft:bucket_f_water":1,"chisel:spaceblack/iron_block":1,"minecraft:yellow_wool":1,"minecraft:pink_petals":18,"refurbished_furniture:gray_kitchen_drawer":9,"refurbished_furniture:dark_oak_drawer":3,"minecraft:cherry_stairs":294,"chisel:cut/andesite":7,"minecraft:crimson_stairs":306,"minecraft:white_banner":4,"securitycraft:cage_trap":12,"refurbished_furniture:dark_oak_chair":1,"minecraft:andesite_stairs":62,"minecraft:bucket":6,"minecraft:polished_blackstone_button":4,"chisel:spaceblack/gold_block":4,"minecraft:sea_pickle":58,"decorative_blocks:brazier":47,"stoneworks:cobbled_andesite":5,"minecraft:kelp":352,"connectedglass:tinted_borderless_glass_black":5,"minecraft:gray_wool":1,"refurbished_furniture:birch_desk":1,"minecraft:candle":50,"minecraft:splash_potion":9,"stoneworks:cobbled_calcite_wall":2,"chisel:slant/andesite":10},"minecraft:picked_up":{"minecraft:birch_door":1,"minecraft:lead":2,"minecraft:enchanted_book":1,"minecraft:string":2,"minecraft:pufferfish":1,"minecraft:oak_sign":16,"minecraft:sea_pickle":3,"minecraft:gold_nugget":1,"minecraft:bucket":1,"minecraft:calcite":1,"minecraft:coal_block":63,"minecraft:dark_oak_door":6,"minecraft:stick":9,"minecraft:torch":1,"minecraft:pointed_dripstone":1,"minecraft:rotten_flesh":1,"minecraft:tropical_fish":1,"minecraft:pink_petals":1486,"minecraft:iron_door":2,"minecraft:andesite":1,"minecraft:skeleton_horse_spawn_egg":1,"minecraft:cherry_door":3,"minecraft:dirt":17,"minecraft:lantern":2,"securitycraft:sentry":1,"minecraft:wheat_seeds":61,"minecraft:pitcher_pod":1,"minecraft:soul_lantern":1,"minecraft:bone_meal":1,"minecraft:brown_mushroom":1,"minecraft:moss_carpet":1,"minecraft:netherite_sword":1,"minecraft:player_head":3,"minecraft:stone_button":4,"securitycraft:alarm":4,"minecraft:ochre_froglight":1,"minecraft:kelp":224,"minecraft:glass_bottle":1,"minecraft:sculk_catalyst":3,"securitycraft:motion_activated_light":1,"minecraft:gravel":1,"refurbished_furniture:light_ceiling_light":7,"minecraft:spruce_door":1,"minecraft:painting":1,"minecraft:cherry_sapling":15,"minecraft:baked_potato":5,"refurbished_furniture:television_remote":1,"minecraft:coal":1}},"DataVersion":3465}