{"stats":{"minecraft:killed_by":{"minecraft:warden":9,"minecraft:creeper":1},"minecraft:dropped":{"minecraft:wheat_seeds":1,"minecraft:player_head":2,"tombstone:rabbit_mask":1,"minecraft:flint_and_steel":2,"minecraft:dirt":2,"minecraft:bamboo_raft":1,"minecraft:stone":1,"securitycraft:secret_sign_item":4,"tombstone:grave_key":2,"minecraft:iron_door":2,"minecraft:string":1,"minecraft:pink_petals":6},"minecraft:killed":{"minecraft:spider":1,"minecraft:zoglin":1,"minecraft:sheep":1,"minecraft:zombie":1,"minecraft:llama":1},"minecraft:mined":{"minecraft:tall_grass":1,"minecraft:grass":1,"minecraft:packed_ice":1},"minecraft:custom":{"minecraft:mob_kills":10,"minecraft:play_record":5,"minecraft:leave_game":7,"minecraft:time_since_death":266968,"minecraft:sleep_in_bed":3,"minecraft:climb_one_cm":12,"minecraft:time_since_rest":45901,"minecraft:damage_taken":4255,"minecraft:sprint_one_cm":13665,"minecraft:walk_one_cm":628842,"minecraft:drop":25,"minecraft:damage_dealt":3015,"minecraft:fly_one_cm":1321601,"minecraft:open_chest":1,"minecraft:crouch_one_cm":11269,"minecraft:play_time":339367,"tombstone:undead_killed":2,"minecraft:deaths":13,"minecraft:sneak_time":10713,"minecraft:walk_under_water_one_cm":3652,"minecraft:boat_one_cm":2290,"minecraft:jump":586,"minecraft:walk_on_water_one_cm":6173,"minecraft:total_world_time":339367,"minecraft:fall_one_cm":2444},"minecraft:used":{"refurbished_furniture:oak_storage_cabinet":1,"minecraft:music_disc_far":1,"minecraft:water_bucket":1,"minecraft:chiseled_bookshelf":13,"minecraft:netherite_sword":9,"minecraft:spruce_door":2,"minecraft:iron_ore":3,"chisel:zelda/lapis_block":3,"refurbished_furniture:cyan_lamp":3,"connectedglass:clear_glass_pink":371,"minecraft:flint_and_steel":46,"minecraft:birch_planks":4,"securitycraft:reinforced_tinted_glass":2,"minecraft:oak_planks":54,"minecraft:oak_sign":1,"minecraft:ender_pearl":6,"minecraft:brown_concrete":1,"minecraft:cherry_planks":2,"minecraft:stone":96,"minecraft:llama_spawn_egg":29,"minecraft:quartz_stairs":112,"minecraft:green_bed":5,"minecraft:smooth_quartz_stairs":150,"minecraft:white_candle":11,"chisel:gears/iron_block":8,"chisel:slant/cyan_concrete":24,"minecraft:dirt":19,"decorative_blocks:spruce_support":5,"chisel:spaceblack/diamond_block":1,"minecraft:music_disc_cat":1,"stoneworks:diorite_shingle_wall":2,"minecraft:sculk_shrieker":1,"minecraft:cake":2,"minecraft:chiseled_quartz_block":53,"minecraft:ochre_froglight":60,"minecraft:dark_oak_door":3,"minecraft:music_disc_13":1,"chisel:embossed/diamond_block":9,"chisel:legacy/cyan_wool":1,"minecraft:snowball":306,"minecraft:book":14,"refurbished_furniture:computer":1,"minecraft:obsidian":62,"minecraft:milk_bucket":2,"minecraft:glow_squid_spawn_egg":9,"minecraft:birch_door":4,"minecraft:deepslate_tiles":103,"minecraft:dark_oak_planks":1,"refurbished_furniture:recycle_bin":2,"minecraft:bamboo_raft":4,"minecraft:packed_ice":54,"minecraft:sea_lantern":198,"minecraft:stripped_dark_oak_wood":6,"minecraft:quartz_pillar":8,"connectedglass:tinted_borderless_glass":2,"chisel:array/andesite":58,"refurbished_furniture:gray_stool":5,"decorative_blocks:chain":4,"minecraft:lantern":3,"minecraft:grass_block":259,"minecraft:cherry_slab":40,"minecraft:quartz_block":16,"minecraft:cherry_trapdoor":135,"minecraft:music_disc_chirp":2,"minecraft:cherry_leaves":32,"minecraft:cherry_button":4,"securitycraft:reinforced_black_concrete":3,"chisel:four/diamond_block":17,"minecraft:diorite_wall":49,"refurbished_furniture:spruce_chair":1,"chisel:spaceblack/iron_block":49,"decorative_blocks:crimson_support":3,"chisel:chunky/lapis_block":1,"chisel:zag/gray_concrete":107,"minecraft:pink_petals":14,"minecraft:birch_button":5,"minecraft:fishing_rod":85,"stoneworks:cracked_tuff_tiles":108,"minecraft:cherry_stairs":64,"chisel:llama/purple_wool":1,"minecraft:andesite":7,"refurbished_furniture:spruce_dark_ceiling_fan":8,"minecraft:chain":5,"tombstone:gift":2,"chisel:spaceblack/gold_block":20,"minecraft:stripped_cherry_log":9,"minecraft:white_concrete":1,"securitycraft:alarm":1,"minecraft:gray_wool":16,"minecraft:cherry_fence":41,"minecraft:cherry_log":34,"refurbished_furniture:dark_oak_table":11,"minecraft:jukebox":1,"minecraft:zoglin_spawn_egg":1},"minecraft:picked_up":{"minecraft:pink_petals":157,"minecraft:birch_door":1,"minecraft:iron_door":2,"minecraft:leather":2,"minecraft:birch_button":1,"tombstone:rabbit_mask":1,"minecraft:music_disc_cat":1,"minecraft:string":1,"minecraft:wheat_seeds":2,"minecraft:netherite_sword":1,"minecraft:music_disc_far":1,"minecraft:player_head":2,"securitycraft:secret_sign_item":5,"minecraft:music_disc_chirp":2,"minecraft:dark_oak_door":1,"minecraft:music_disc_13":1,"minecraft:bamboo_raft":1,"securitycraft:alarm":6,"minecraft:rotten_flesh":2,"minecraft:mutton":2,"minecraft:white_wool":1}},"DataVersion":3465}