{"stats":{"minecraft:killed_by":{"minecraft:warden":9,"minecraft:creeper":1},"minecraft:dropped":{"minecraft:wheat_seeds":1,"minecraft:player_head":2,"tombstone:rabbit_mask":1,"minecraft:flint_and_steel":2,"minecraft:dirt":2,"minecraft:bamboo_raft":1,"minecraft:stone":1,"tombstone:grave_key":2,"minecraft:string":1,"minecraft:pink_petals":6},"minecraft:killed":{"minecraft:spider":1,"minecraft:zoglin":1,"minecraft:sheep":1,"minecraft:zombie":1,"minecraft:llama":1},"minecraft:mined":{"minecraft:tall_grass":1,"minecraft:grass":1,"minecraft:packed_ice":1},"minecraft:custom":{"minecraft:mob_kills":10,"minecraft:leave_game":6,"minecraft:time_since_death":209486,"minecraft:sleep_in_bed":2,"minecraft:climb_one_cm":12,"minecraft:time_since_rest":12218,"minecraft:damage_taken":4255,"minecraft:sprint_one_cm":13665,"minecraft:walk_one_cm":408698,"minecraft:drop":19,"minecraft:damage_dealt":3015,"minecraft:fly_one_cm":1321549,"minecraft:open_chest":1,"minecraft:crouch_one_cm":8530,"minecraft:play_time":281885,"tombstone:undead_killed":2,"minecraft:deaths":13,"minecraft:sneak_time":9437,"minecraft:walk_under_water_one_cm":3652,"minecraft:boat_one_cm":2290,"minecraft:jump":550,"minecraft:walk_on_water_one_cm":6032,"minecraft:total_world_time":281885,"minecraft:fall_one_cm":2444},"minecraft:used":{"minecraft:water_bucket":1,"minecraft:netherite_sword":9,"minecraft:iron_ore":3,"chisel:zelda/lapis_block":3,"connectedglass:clear_glass_pink":371,"minecraft:flint_and_steel":45,"minecraft:birch_planks":4,"securitycraft:reinforced_tinted_glass":2,"minecraft:oak_planks":54,"minecraft:cherry_planks":2,"minecraft:stone":96,"minecraft:quartz_stairs":112,"minecraft:llama_spawn_egg":29,"minecraft:green_bed":1,"minecraft:smooth_quartz_stairs":150,"chisel:gears/iron_block":8,"minecraft:dirt":19,"chisel:spaceblack/diamond_block":1,"stoneworks:diorite_shingle_wall":2,"minecraft:sculk_shrieker":1,"minecraft:chiseled_quartz_block":53,"minecraft:ochre_froglight":60,"chisel:embossed/diamond_block":9,"minecraft:snowball":306,"chisel:legacy/cyan_wool":1,"minecraft:milk_bucket":1,"minecraft:obsidian":62,"minecraft:birch_door":4,"minecraft:glow_squid_spawn_egg":9,"minecraft:deepslate_tiles":103,"minecraft:dark_oak_planks":1,"minecraft:bamboo_raft":4,"minecraft:packed_ice":54,"minecraft:sea_lantern":198,"minecraft:quartz_pillar":8,"connectedglass:tinted_borderless_glass":2,"chisel:array/andesite":55,"decorative_blocks:chain":4,"minecraft:lantern":3,"minecraft:grass_block":259,"minecraft:cherry_slab":40,"minecraft:quartz_block":16,"minecraft:cherry_trapdoor":135,"minecraft:cherry_button":4,"minecraft:cherry_leaves":32,"securitycraft:reinforced_black_concrete":3,"chisel:four/diamond_block":17,"minecraft:diorite_wall":49,"chisel:spaceblack/iron_block":49,"chisel:chunky/lapis_block":1,"chisel:zag/gray_concrete":84,"minecraft:pink_petals":14,"minecraft:fishing_rod":85,"stoneworks:cracked_tuff_tiles":108,"minecraft:cherry_stairs":64,"minecraft:andesite":7,"minecraft:chain":5,"tombstone:gift":2,"chisel:spaceblack/gold_block":6,"minecraft:stripped_cherry_log":9,"minecraft:white_concrete":1,"securitycraft:alarm":1,"minecraft:cherry_fence":41,"minecraft:cherry_log":34,"minecraft:zoglin_spawn_egg":1},"minecraft:picked_up":{"minecraft:pink_petals":157,"minecraft:birch_door":1,"minecraft:leather":2,"tombstone:rabbit_mask":1,"minecraft:string":1,"minecraft:wheat_seeds":2,"minecraft:netherite_sword":1,"minecraft:player_head":2,"minecraft:dark_oak_door":1,"minecraft:bamboo_raft":1,"securitycraft:alarm":1,"minecraft:rotten_flesh":2,"minecraft:mutton":2,"minecraft:white_wool":1}},"DataVersion":3465}