{"stats":{"minecraft:killed_by":{"minecraft:warden":9,"minecraft:creeper":1},"minecraft:dropped":{"minecraft:wheat_seeds":1,"tombstone:rabbit_mask":1,"minecraft:flint_and_steel":2,"minecraft:dirt":2,"minecraft:bamboo_raft":1,"minecraft:stone":1,"tombstone:grave_key":2,"minecraft:string":1,"minecraft:pink_petals":6},"minecraft:killed":{"minecraft:spider":1,"minecraft:zoglin":1,"minecraft:sheep":1,"minecraft:zombie":1,"minecraft:llama":1},"minecraft:mined":{"minecraft:tall_grass":1,"minecraft:grass":1,"minecraft:packed_ice":1},"minecraft:custom":{"minecraft:mob_kills":10,"minecraft:leave_game":4,"minecraft:time_since_death":174163,"minecraft:climb_one_cm":12,"minecraft:time_since_rest":172625,"minecraft:damage_taken":4255,"minecraft:sprint_one_cm":13537,"minecraft:walk_one_cm":261973,"minecraft:drop":17,"minecraft:damage_dealt":3015,"minecraft:fly_one_cm":1320075,"minecraft:open_chest":1,"minecraft:crouch_one_cm":5741,"minecraft:play_time":246562,"tombstone:undead_killed":2,"minecraft:deaths":13,"minecraft:sneak_time":8999,"minecraft:walk_under_water_one_cm":3652,"minecraft:boat_one_cm":2290,"minecraft:jump":519,"minecraft:walk_on_water_one_cm":6032,"minecraft:total_world_time":246562,"minecraft:fall_one_cm":2444},"minecraft:used":{"minecraft:water_bucket":1,"minecraft:netherite_sword":9,"minecraft:iron_ore":3,"connectedglass:clear_glass_pink":371,"minecraft:flint_and_steel":45,"minecraft:birch_planks":4,"securitycraft:reinforced_tinted_glass":2,"minecraft:cherry_planks":2,"minecraft:stone":91,"minecraft:quartz_stairs":112,"minecraft:llama_spawn_egg":29,"minecraft:smooth_quartz_stairs":150,"minecraft:dirt":19,"stoneworks:diorite_shingle_wall":2,"minecraft:chiseled_quartz_block":53,"minecraft:ochre_froglight":60,"chisel:embossed/diamond_block":9,"minecraft:snowball":306,"chisel:legacy/cyan_wool":1,"minecraft:milk_bucket":1,"minecraft:obsidian":62,"minecraft:glow_squid_spawn_egg":9,"minecraft:bamboo_raft":4,"minecraft:packed_ice":54,"minecraft:sea_lantern":198,"minecraft:quartz_pillar":8,"connectedglass:tinted_borderless_glass":2,"chisel:array/andesite":3,"decorative_blocks:chain":4,"minecraft:lantern":3,"minecraft:grass_block":204,"minecraft:cherry_slab":40,"minecraft:quartz_block":16,"minecraft:cherry_trapdoor":135,"minecraft:cherry_button":4,"minecraft:cherry_leaves":32,"minecraft:diorite_wall":49,"minecraft:pink_petals":14,"minecraft:fishing_rod":59,"stoneworks:cracked_tuff_tiles":108,"minecraft:cherry_stairs":64,"minecraft:andesite":7,"minecraft:chain":5,"tombstone:gift":2,"minecraft:stripped_cherry_log":9,"minecraft:white_concrete":1,"minecraft:cherry_fence":41,"minecraft:cherry_log":34,"minecraft:zoglin_spawn_egg":1},"minecraft:picked_up":{"minecraft:pink_petals":157,"minecraft:leather":2,"tombstone:rabbit_mask":1,"minecraft:string":1,"minecraft:wheat_seeds":2,"minecraft:netherite_sword":1,"minecraft:bamboo_raft":1,"minecraft:rotten_flesh":2,"minecraft:mutton":2,"minecraft:white_wool":1}},"DataVersion":3465}