{"stats":{"minecraft:dropped":{"minecraft:porkchop":3,"minecraft:grass":1,"minecraft:black_concrete":1,"minecraft:netherite_sword":1,"tombstone:rabbit_mask":1,"minecraft:painting":1,"minecraft:wheat_seeds":4,"chisel:chisel":1,"minecraft:pink_petals":17,"minecraft:orange_concrete":1,"minecraft:polished_deepslate_stairs":1,"minecraft:stone":1,"minecraft:quartz_stairs":2,"minecraft:calcite":1},"minecraft:killed":{"minecraft:axolotl":1,"minecraft:cat":3,"minecraft:zombie":1,"minecraft:ghast":1,"minecraft:zoglin":1},"minecraft:mined":{"minecraft:grass":2},"minecraft:custom":{"minecraft:open_barrel":1,"minecraft:leave_game":13,"minecraft:time_since_death":1245225,"minecraft:sprint_one_cm":573811,"minecraft:drop":16,"minecraft:play_time":1356547,"minecraft:deaths":5,"minecraft:jump":6625,"minecraft:walk_on_water_one_cm":50623,"minecraft:sleep_in_bed":2,"minecraft:damage_dealt":1638,"minecraft:crouch_one_cm":101349,"tombstone:undead_killed":2,"minecraft:interact_with_smoker":1,"minecraft:interact_with_smithing_table":1,"minecraft:mob_kills":7,"minecraft:interact_with_anvil":15,"minecraft:climb_one_cm":712,"minecraft:walk_one_cm":1647861,"minecraft:sneak_time":50657,"minecraft:walk_under_water_one_cm":126376,"minecraft:total_world_time":1356547,"minecraft:pot_flower":22,"minecraft:time_since_rest":61077,"minecraft:damage_taken":160,"minecraft:swim_one_cm":14845,"minecraft:fly_one_cm":7046494,"minecraft:fall_one_cm":2553},"minecraft:used":{"minecraft:moss_carpet":24,"stoneworks:polished_calcite_wall":2,"minecraft:polished_deepslate":9,"minecraft:chiseled_deepslate":18,"securitycraft:reinforced_gray_concrete":8,"minecraft:tadpole_spawn_egg":7,"minecraft:smooth_quartz_slab":26,"chisel:large/birch_planks":27,"stoneworks:diorite_bricks":5,"minecraft:axolotl_spawn_egg":108,"chisel:bismuth/glowstone":1,"minecraft:oak_sign":1,"refurbished_furniture:cherry_hedge":5,"minecraft:black_carpet":43,"minecraft:decorated_pot":25,"minecraft:stone":349,"refurbished_furniture:cherry_table":15,"minecraft:warped_sign":5,"minecraft:quartz_stairs":24,"minecraft:grass":1,"minecraft:player_head":1,"decorative_blocks:spruce_support":6,"minecraft:deepslate_tile_slab":224,"chisel:large_tile/deepslate":11,"chisel:jellybean/andesite":233,"decorative_blocks:lattice":2,"minecraft:axolotl_bucket":5,"minecraft:milk_bucket":2,"minecraft:obsidian":22,"minecraft:warden_spawn_egg":3,"minecraft:polished_deepslate_stairs":28,"minecraft:glow_squid_spawn_egg":23,"minecraft:polished_blackstone_slab":1,"minecraft:frog_spawn_egg":8,"chisel:array/black_concrete":70,"minecraft:lava_bucket":4,"minecraft:quartz_pillar":2,"stoneworks:calcite_shingle_wall":2,"minecraft:lantern":113,"minecraft:grass_block":597,"minecraft:polished_andesite_stairs":6,"securitycraft:ancient_debris_mine":1,"connectedglass:clear_glass_pane":22,"stoneworks:stone_tile_slab":261,"minecraft:cherry_leaves":1038,"minecraft:tropical_fish_spawn_egg":54,"refurbished_furniture:dark_lightswitch":1,"minecraft:diorite_wall":1,"minecraft:pink_wool":57,"variantvanillablocks:warped_chest":2,"stoneworks:diorite_shingles":70,"minecraft:stone_bricks":139,"connectedglass:borderless_glass_pane":1,"decorative_blocks:warped_beam":2,"connectedglass:borderless_glass_white_pane":13,"minecraft:reinforced_deepslate":7,"refurbished_furniture:cherry_desk":1,"minecraft:polished_diorite_stairs":161,"minecraft:skeleton_skull":12,"connectedglass:borderless_glass_pink_pane":16,"securitycraft:alarm":3,"refurbished_furniture:dark_oak_table":4,"stoneworks:cobbled_calcite":3,"minecraft:zoglin_spawn_egg":1,"minecraft:light_blue_carpet":15,"chisel:dent/quartz":117,"chisel:simple/gold_block":2,"securitycraft:electrified_iron_fence":5,"minecraft:mossy_stone_bricks":50,"minecraft:torchflower":1,"minecraft:wither_skeleton_skull":5,"refurbished_furniture:warped_dark_ceiling_fan":2,"minecraft:blackstone_stairs":3,"minecraft:polished_diorite_slab":1,"variantvanillablocks:jungle_chest":3,"minecraft:redstone_block":3,"stoneworks:calcite_shingles":10,"variantvanillablocks:birch_chest":11,"refurbished_furniture:black_cooler":3,"minecraft:smooth_quartz_stairs":15,"minecraft:white_wool":22,"stoneworks:diorite_pillar":4,"minecraft:sand":204,"minecraft:light_blue_concrete":8,"chisel:array/white_concrete":2,"stoneworks:quartz_tiles":83,"chisel:zag/andesite":7,"minecraft:chiseled_quartz_block":241,"minecraft:ochre_froglight":52,"minecraft:stone_brick_wall":56,"minecraft:black_bed":10,"variantvanillablocks:cherry_smoker":1,"minecraft:squid_spawn_egg":8,"decorative_blocks:chandelier":10,"refurbished_furniture:computer":3,"stoneworks:quartz_tile_slab":19,"stoneworks:mossy_blackstone_bricks":2,"minecraft:deepslate_tiles":241,"chisel:neon/glowstone":2,"sophisticatedbackpacks:backpack":2,"refurbished_furniture:black_lamp":5,"minecraft:black_concrete":18,"stoneworks:diorite_brick_stairs":2,"refurbished_furniture:gray_trampoline":21,"minecraft:barrier":18,"minecraft:spore_blossom":2,"variantvanillablocks:birch_smoker":1,"chisel:chaotic_bricks/black_concrete":1,"minecraft:deepslate":13,"chisel:large_tile/stone":1,"minecraft:cat_spawn_egg":12,"minecraft:polished_andesite_slab":2,"stoneworks:cobbled_diorite_wall":7,"minecraft:soul_lantern":1,"stoneworks:diorite_tiles":5,"variantvanillablocks:cherry_smithing_table":5,"variantvanillablocks:mangrove_chest":3,"connectedglass:clear_glass_white_pane":3,"decorative_blocks:dark_oak_support":3,"minecraft:stripped_oak_wood":3,"connectedglass:borderless_glass_red":103,"chisel:large_tile/cobblestone":2,"chisel:raw/light_gray_concrete":151,"refurbished_furniture:cherry_mail_box":2,"minecraft:stripped_cherry_log":6,"minecraft:white_concrete":136,"minecraft:bone_meal":77,"variantvanillablocks:crimson_smithing_table":1,"refurbished_furniture:door_mat":5,"stoneworks:andesite_plate_stairs":3,"minecraft:trident":2,"minecraft:netherite_sword":15,"connectedglass:clear_glass_black":43,"minecraft:cherry_wood":202,"stoneworks:polished_quartz":8,"connectedglass:clear_glass_pink":44,"minecraft:orange_concrete":151,"minecraft:flint_and_steel":63,"decorative_blocks:soul_chandelier":2,"minecraft:tropical_fish":1,"stoneworks:diorite_shingle_stairs":49,"chisel:chaotic_bricks/andesite":58,"minecraft:armor_stand":3,"minecraft:pufferfish_spawn_egg":1,"variantvanillablocks:oak_smithing_table":1,"chisel:braid/quartz":36,"minecraft:silverfish_spawn_egg":1,"minecraft:tinted_glass":4,"securitycraft:bucket_f_lava":7,"connectedglass:borderless_glass_black_pane":15,"chisel:weaver/andesite":6,"minecraft:mangrove_fence":8,"chisel:crude_vertical/dark_oak_planks":51,"refurbished_furniture:dark_ceiling_light":19,"minecraft:netherrack":108,"minecraft:torch":4,"variantvanillablocks:cherry_lectern":1,"minecraft:ancient_debris":2,"minecraft:dirt":665,"chisel:large_tile/white_concrete":2,"minecraft:anvil":8,"chisel:dent/glowstone":8,"refurbished_furniture:dark_oak_dark_ceiling_fan":6,"decorative_blocks:soul_brazier":1,"minecraft:white_carpet":4,"stoneworks:diorite_shingle_wall":78,"minecraft:hopper":2,"minecraft:stone_stairs":614,"minecraft:nether_brick_slab":62,"chisel:large_tile/glowstone":154,"minecraft:allay_spawn_egg":1,"minecraft:polished_diorite":27,"chisel:chaotic_bricks/diorite":5,"minecraft:shroomlight":92,"decorative_blocks:bar_panel":3,"chisel:chaotic_bricks/stone":469,"minecraft:stone_brick_slab":2,"minecraft:wooden_axe":3,"minecraft:dark_oak_planks":36,"refurbished_furniture:cherry_lattice_fence_gate":3,"minecraft:sea_lantern":101,"refurbished_furniture:dark_oak_desk":37,"refurbished_furniture:black_stool":13,"decorative_blocks:crimson_palisade":4,"connectedglass:tinted_borderless_glass":45,"chisel:array/andesite":2,"minecraft:cherry_slab":81,"minecraft:crimson_slab":285,"minecraft:polished_deepslate_wall":247,"minecraft:spawner":3,"minecraft:cherry_trapdoor":233,"minecraft:red_candle":4,"minecraft:smooth_quartz":13,"minecraft:cherry_fence_gate":150,"minecraft:crimson_planks":46,"minecraft:bamboo":52,"securitycraft:sentry":3,"decorative_blocks:spruce_seat":2,"minecraft:glowstone":25,"refurbished_furniture:light_lightswitch":2,"minecraft:sniffer_spawn_egg":1,"minecraft:magenta_wool":2,"minecraft:deepslate_tile_stairs":210,"securitycraft:reinforced_glass":4,"connectedglass:clear_glass_black_pane":9,"chisel:raw/andesite":2,"tombstone:gift":2,"chisel:chaotic_bricks/deepslate":2,"minecraft:cherry_fence":137,"minecraft:cherry_log":425,"minecraft:turtle_egg":10,"minecraft:pumpkin":2,"variantvanillablocks:birch_smithing_table":1,"minecraft:turtle_spawn_egg":13,"minecraft:calcite":1566,"minecraft:water_bucket":133,"stoneworks:polished_quartz_slab":40,"securitycraft:projector":2,"minecraft:iron_ore":4,"variantvanillablocks:cherry_chest":3,"minecraft:birch_planks":37,"chisel:panel/glowstone":12,"refurbished_furniture:crimson_desk":2,"stoneworks:stone_tiles":255,"stoneworks:deepslate_shingle_wall":2,"refurbished_furniture:dark_oak_storage_cabinet":3,"chisel:panel/stone":11,"stoneworks:cobbled_calcite_stairs":72,"stoneworks:mossy_blackstone_brick_stairs":3,"refurbished_furniture:diorite_stepping_stones":8,"minecraft:cherry_planks":4,"minecraft:black_shulker_box":2,"stoneworks:stone_shingle_stairs":10,"chisel:large_tile/andesite":211,"connectedglass:borderless_glass_pink":9,"minecraft:cracked_stone_bricks":74,"minecraft:polished_deepslate_slab":455,"connectedglass:clear_glass":8,"refurbished_furniture:pink_grill":2,"decorative_blocks:rocky_dirt":2,"refurbished_furniture:black_sofa":57,"minecraft:painting":8,"minecraft:magenta_carpet":22,"minecraft:piglin_head":10,"minecraft:dark_oak_door":36,"minecraft:oak_log":2,"minecraft:piston":3,"chisel:sunken/deepslate":9,"minecraft:flower_pot":27,"minecraft:cherry_door":14,"chisel:panel/deepslate":4,"refurbished_furniture:light_ceiling_light":24,"stoneworks:polished_calcite_slab":8,"decorative_blocks:chain":99,"stoneworks:chiseled_calcite":2,"chisel:space/gold_block":9,"tombstone:white_marble":2,"stoneworks:cobbled_diorite":6,"stoneworks:polished_calcite":8,"chisel:sunken/stone":39,"chisel:large_tile/black_concrete":2,"securitycraft:reinforced_chain":2,"minecraft:pink_petals":16,"chisel:large/dark_oak_planks":25,"stoneworks:cracked_quartz_tiles":3,"refurbished_furniture:dark_oak_drawer":11,"minecraft:cherry_stairs":211,"chisel:light/glass":11,"minecraft:crimson_stairs":199,"stoneworks:cracked_diorite_tiles":5,"securitycraft:admin_tool":4,"minecraft:andesite_stairs":38,"minecraft:black_candle":7,"chisel:spaceblack/gold_block":1,"decorative_blocks:brazier":47,"minecraft:sea_pickle":59,"minecraft:kelp":260,"connectedglass:tinted_borderless_glass_black":103,"minecraft:sculk_vein":1,"securitycraft:glow_display_case":2,"securitycraft:keypad_furnace":4,"stoneworks:cobbled_calcite_wall":5},"minecraft:picked_up":{"minecraft:anvil":2,"minecraft:lead":1,"tombstone:grave_key":1,"chisel:legacy/cyan_wool":1,"minecraft:string":4,"minecraft:calcite":1,"minecraft:coal_block":125,"minecraft:dark_oak_door":9,"minecraft:stick":3,"minecraft:polished_deepslate_stairs":1,"minecraft:porkchop":3,"minecraft:cherry_log":1,"tombstone:grave_dust":2,"refurbished_furniture:light_lightswitch":1,"minecraft:rotten_flesh":5,"minecraft:barrier":1,"minecraft:pink_petals":200,"minecraft:wither_skeleton_skull":1,"minecraft:dirt":34,"minecraft:lantern":6,"securitycraft:sentry":3,"minecraft:wheat_seeds":13,"minecraft:bamboo":41,"minecraft:grass_block":3,"chisel:chisel":1,"minecraft:black_concrete":1,"minecraft:soul_lantern":1,"minecraft:fishing_rod":2,"minecraft:splash_potion":2,"tombstone:rabbit_mask":1,"minecraft:orange_concrete":1,"minecraft:netherite_sword":1,"minecraft:player_head":64,"minecraft:quartz_stairs":2,"minecraft:egg":1,"minecraft:stone":2,"minecraft:warden_spawn_egg":1,"securitycraft:alarm":1,"minecraft:allay_spawn_egg":1,"minecraft:white_wool":1,"minecraft:salmon":1,"minecraft:ochre_froglight":2,"minecraft:oak_log":1,"minecraft:gunpowder":1,"tombstone:gift":4,"minecraft:spawner":1,"minecraft:kelp":1,"minecraft:glass_bottle":1,"minecraft:sculk_catalyst":16,"minecraft:milk_bucket":5,"minecraft:pumpkin":1,"minecraft:amethyst_shard":2,"refurbished_furniture:light_ceiling_light":2,"minecraft:sculk_sensor":2,"chisel:array/andesite":1,"refurbished_furniture:television_remote":1}},"DataVersion":3465}