{"stats":{"minecraft:dropped":{"minecraft:porkchop":3,"minecraft:wheat_seeds":4,"chisel:chisel":1,"minecraft:grass":1,"minecraft:pink_petals":17,"minecraft:netherite_sword":1,"minecraft:orange_concrete":1,"tombstone:rabbit_mask":1,"minecraft:polished_deepslate_stairs":1,"minecraft:quartz_stairs":2,"minecraft:painting":1,"minecraft:calcite":1},"minecraft:killed":{"minecraft:zoglin":1,"minecraft:axolotl":1,"minecraft:zombie":1,"minecraft:ghast":1},"minecraft:mined":{"minecraft:grass":2},"minecraft:custom":{"minecraft:interact_with_smithing_table":1,"minecraft:interact_with_anvil":13,"minecraft:mob_kills":4,"minecraft:open_barrel":1,"minecraft:leave_game":13,"minecraft:time_since_death":1137225,"minecraft:climb_one_cm":572,"minecraft:sprint_one_cm":439239,"minecraft:walk_one_cm":1280579,"minecraft:drop":14,"minecraft:play_time":1248547,"minecraft:deaths":5,"minecraft:sneak_time":46617,"minecraft:walk_under_water_one_cm":123557,"minecraft:jump":6399,"minecraft:walk_on_water_one_cm":49714,"minecraft:total_world_time":1248547,"minecraft:pot_flower":20,"minecraft:sleep_in_bed":1,"minecraft:time_since_rest":79310,"minecraft:damage_taken":160,"minecraft:damage_dealt":1338,"minecraft:swim_one_cm":14845,"minecraft:fly_one_cm":6873239,"minecraft:crouch_one_cm":86723,"tombstone:undead_killed":2,"minecraft:interact_with_smoker":1,"minecraft:fall_one_cm":2553},"minecraft:used":{"refurbished_furniture:door_mat":5,"stoneworks:andesite_plate_stairs":3,"connectedglass:clear_glass_black":11,"minecraft:netherite_sword":11,"minecraft:chiseled_deepslate":18,"minecraft:moss_carpet":24,"minecraft:trident":2,"decorative_blocks:soul_chandelier":2,"minecraft:polished_deepslate":9,"minecraft:cherry_wood":202,"minecraft:flint_and_steel":60,"stoneworks:polished_calcite_wall":2,"minecraft:orange_concrete":151,"connectedglass:clear_glass_pink":44,"chisel:chaotic_bricks/andesite":58,"minecraft:smooth_quartz_slab":18,"minecraft:tadpole_spawn_egg":7,"stoneworks:diorite_shingle_stairs":49,"minecraft:oak_sign":1,"chisel:braid/quartz":36,"minecraft:pufferfish_spawn_egg":1,"stoneworks:diorite_bricks":5,"minecraft:silverfish_spawn_egg":1,"variantvanillablocks:oak_smithing_table":1,"chisel:bismuth/glowstone":1,"refurbished_furniture:cherry_hedge":5,"minecraft:decorated_pot":25,"minecraft:axolotl_spawn_egg":108,"minecraft:tinted_glass":4,"refurbished_furniture:cherry_table":15,"securitycraft:bucket_f_lava":7,"minecraft:stone":345,"minecraft:warped_sign":5,"chisel:weaver/andesite":6,"minecraft:quartz_stairs":22,"minecraft:mangrove_fence":8,"minecraft:grass":1,"minecraft:player_head":1,"minecraft:netherrack":108,"minecraft:torch":4,"variantvanillablocks:cherry_lectern":1,"minecraft:dirt":657,"minecraft:anvil":7,"minecraft:ancient_debris":2,"decorative_blocks:soul_brazier":1,"stoneworks:diorite_shingle_wall":78,"chisel:dent/glowstone":8,"minecraft:stone_stairs":614,"chisel:jellybean/andesite":233,"minecraft:nether_brick_slab":62,"chisel:large_tile/deepslate":11,"minecraft:deepslate_tile_slab":220,"minecraft:axolotl_bucket":5,"chisel:large_tile/glowstone":68,"decorative_blocks:lattice":2,"minecraft:allay_spawn_egg":1,"minecraft:dark_oak_planks":31,"minecraft:obsidian":22,"minecraft:shroomlight":92,"minecraft:polished_deepslate_stairs":28,"minecraft:milk_bucket":2,"minecraft:polished_diorite":27,"chisel:chaotic_bricks/diorite":5,"minecraft:warden_spawn_egg":3,"minecraft:glow_squid_spawn_egg":20,"chisel:chaotic_bricks/stone":469,"decorative_blocks:bar_panel":3,"minecraft:polished_blackstone_slab":1,"minecraft:frog_spawn_egg":8,"refurbished_furniture:dark_oak_desk":15,"minecraft:stone_brick_slab":2,"minecraft:wooden_axe":3,"minecraft:sea_lantern":83,"refurbished_furniture:black_stool":10,"refurbished_furniture:cherry_lattice_fence_gate":3,"minecraft:lava_bucket":4,"connectedglass:tinted_borderless_glass":45,"decorative_blocks:crimson_palisade":4,"minecraft:quartz_pillar":2,"chisel:array/andesite":1,"stoneworks:calcite_shingle_wall":2,"minecraft:lantern":113,"minecraft:grass_block":454,"minecraft:cherry_slab":81,"minecraft:spawner":3,"minecraft:polished_deepslate_wall":247,"minecraft:polished_andesite_stairs":6,"minecraft:crimson_slab":285,"minecraft:cherry_trapdoor":233,"minecraft:cherry_leaves":1038,"minecraft:red_candle":4,"securitycraft:ancient_debris_mine":1,"connectedglass:clear_glass_pane":22,"stoneworks:stone_tile_slab":261,"minecraft:tropical_fish_spawn_egg":43,"minecraft:cherry_fence_gate":150,"minecraft:diorite_wall":1,"minecraft:pink_wool":42,"variantvanillablocks:warped_chest":2,"minecraft:crimson_planks":46,"stoneworks:diorite_shingles":70,"connectedglass:borderless_glass_pane":1,"minecraft:stone_bricks":139,"securitycraft:sentry":3,"decorative_blocks:spruce_seat":2,"connectedglass:borderless_glass_white_pane":13,"decorative_blocks:warped_beam":2,"minecraft:reinforced_deepslate":7,"minecraft:glowstone":25,"refurbished_furniture:light_lightswitch":2,"minecraft:sniffer_spawn_egg":1,"minecraft:deepslate_tile_stairs":208,"securitycraft:reinforced_glass":4,"refurbished_furniture:cherry_desk":1,"minecraft:polished_diorite_stairs":161,"tombstone:gift":2,"chisel:raw/andesite":2,"minecraft:skeleton_skull":12,"chisel:chaotic_bricks/deepslate":2,"connectedglass:borderless_glass_pink_pane":16,"minecraft:cherry_fence":137,"minecraft:cherry_log":424,"refurbished_furniture:dark_oak_table":4,"minecraft:pumpkin":2,"stoneworks:cobbled_calcite":3,"variantvanillablocks:birch_smithing_table":1,"minecraft:zoglin_spawn_egg":1,"minecraft:turtle_spawn_egg":13,"minecraft:calcite":1566,"minecraft:light_blue_carpet":15,"chisel:dent/quartz":65,"chisel:simple/gold_block":2,"securitycraft:electrified_iron_fence":5,"minecraft:water_bucket":121,"minecraft:mossy_stone_bricks":50,"securitycraft:projector":2,"minecraft:iron_ore":4,"minecraft:torchflower":1,"minecraft:wither_skeleton_skull":1,"minecraft:birch_planks":27,"variantvanillablocks:cherry_chest":3,"chisel:panel/glowstone":12,"refurbished_furniture:crimson_desk":2,"minecraft:blackstone_stairs":3,"stoneworks:stone_tiles":255,"stoneworks:deepslate_shingle_wall":2,"refurbished_furniture:dark_oak_storage_cabinet":2,"stoneworks:cobbled_calcite_stairs":72,"minecraft:polished_diorite_slab":1,"refurbished_furniture:diorite_stepping_stones":8,"stoneworks:mossy_blackstone_brick_stairs":3,"chisel:panel/stone":11,"minecraft:cherry_planks":4,"stoneworks:stone_shingle_stairs":10,"variantvanillablocks:jungle_chest":3,"chisel:large_tile/andesite":211,"stoneworks:calcite_shingles":10,"connectedglass:borderless_glass_pink":9,"refurbished_furniture:black_cooler":3,"variantvanillablocks:birch_chest":11,"minecraft:smooth_quartz_stairs":9,"minecraft:cracked_stone_bricks":74,"minecraft:white_wool":22,"minecraft:polished_deepslate_slab":455,"stoneworks:diorite_pillar":4,"decorative_blocks:rocky_dirt":2,"connectedglass:clear_glass":8,"minecraft:sand":189,"refurbished_furniture:pink_grill":2,"minecraft:light_blue_concrete":8,"refurbished_furniture:black_sofa":50,"chisel:zag/andesite":7,"minecraft:chiseled_quartz_block":241,"minecraft:ochre_froglight":52,"minecraft:stone_brick_wall":56,"minecraft:painting":8,"minecraft:magenta_carpet":22,"variantvanillablocks:cherry_smoker":1,"minecraft:piglin_head":10,"minecraft:squid_spawn_egg":8,"decorative_blocks:chandelier":10,"minecraft:dark_oak_door":24,"stoneworks:quartz_tile_slab":19,"stoneworks:mossy_blackstone_bricks":2,"minecraft:deepslate_tiles":125,"minecraft:oak_log":2,"chisel:neon/glowstone":2,"sophisticatedbackpacks:backpack":2,"minecraft:flower_pot":25,"chisel:sunken/deepslate":9,"chisel:panel/deepslate":4,"minecraft:cherry_door":14,"decorative_blocks:chain":99,"stoneworks:diorite_brick_stairs":2,"minecraft:barrier":18,"refurbished_furniture:gray_trampoline":21,"stoneworks:chiseled_calcite":2,"chisel:space/gold_block":9,"minecraft:spore_blossom":2,"variantvanillablocks:birch_smoker":1,"stoneworks:cobbled_diorite":6,"stoneworks:polished_calcite":8,"minecraft:deepslate":13,"chisel:sunken/stone":39,"chisel:large_tile/stone":1,"minecraft:cat_spawn_egg":8,"variantvanillablocks:mangrove_chest":3,"minecraft:polished_andesite_slab":2,"stoneworks:cobbled_diorite_wall":7,"minecraft:soul_lantern":1,"stoneworks:diorite_tiles":5,"variantvanillablocks:cherry_smithing_table":5,"minecraft:pink_petals":16,"securitycraft:reinforced_chain":2,"connectedglass:clear_glass_white_pane":3,"refurbished_furniture:dark_oak_drawer":5,"minecraft:cherry_stairs":211,"chisel:light/glass":11,"minecraft:crimson_stairs":199,"stoneworks:cracked_diorite_tiles":5,"minecraft:stripped_oak_wood":3,"connectedglass:borderless_glass_red":103,"securitycraft:admin_tool":4,"chisel:large_tile/cobblestone":2,"minecraft:andesite_stairs":38,"minecraft:black_candle":7,"refurbished_furniture:cherry_mail_box":2,"chisel:spaceblack/gold_block":1,"minecraft:sea_pickle":59,"decorative_blocks:brazier":47,"minecraft:stripped_cherry_log":6,"minecraft:white_concrete":135,"minecraft:kelp":260,"minecraft:sculk_vein":1,"stoneworks:cobbled_calcite_wall":5,"securitycraft:keypad_furnace":4,"securitycraft:glow_display_case":2,"variantvanillablocks:crimson_smithing_table":1},"minecraft:picked_up":{"minecraft:fishing_rod":2,"minecraft:splash_potion":2,"minecraft:anvil":2,"minecraft:lead":1,"chisel:legacy/cyan_wool":1,"tombstone:grave_key":1,"tombstone:rabbit_mask":1,"minecraft:orange_concrete":1,"minecraft:netherite_sword":1,"minecraft:player_head":64,"minecraft:calcite":1,"minecraft:quartz_stairs":2,"minecraft:dark_oak_door":4,"minecraft:egg":1,"minecraft:stick":3,"minecraft:stone":1,"minecraft:polished_deepslate_stairs":1,"minecraft:porkchop":3,"minecraft:cherry_log":1,"tombstone:grave_dust":2,"minecraft:warden_spawn_egg":1,"refurbished_furniture:light_lightswitch":1,"minecraft:rotten_flesh":5,"minecraft:allay_spawn_egg":1,"minecraft:white_wool":1,"minecraft:pink_petals":190,"minecraft:barrier":1,"minecraft:ochre_froglight":2,"minecraft:oak_log":1,"minecraft:gunpowder":1,"minecraft:dirt":34,"tombstone:gift":4,"minecraft:lantern":6,"securitycraft:sentry":3,"minecraft:spawner":1,"minecraft:kelp":1,"minecraft:wheat_seeds":13,"minecraft:glass_bottle":1,"minecraft:sculk_catalyst":16,"minecraft:milk_bucket":5,"minecraft:pumpkin":1,"minecraft:amethyst_shard":2,"refurbished_furniture:light_ceiling_light":2,"minecraft:grass_block":3,"minecraft:sculk_sensor":2,"chisel:chisel":1,"minecraft:soul_lantern":1,"refurbished_furniture:television_remote":1,"chisel:array/andesite":1}},"DataVersion":3465}