{"stats":{"minecraft:picked_up":{"minecraft:kelp":5,"minecraft:wheat_seeds":2},"minecraft:custom":{"minecraft:jump":324,"minecraft:time_since_rest":18084,"minecraft:damage_dealt":10,"minecraft:damage_taken":100,"minecraft:leave_game":2,"minecraft:play_time":18084,"minecraft:sprint_one_cm":19542,"minecraft:time_since_death":18084,"minecraft:walk_on_water_one_cm":6422,"minecraft:walk_one_cm":39745,"minecraft:sneak_time":9,"minecraft:total_world_time":18084,"minecraft:walk_under_water_one_cm":830,"minecraft:fall_one_cm":8913,"minecraft:drop":2,"minecraft:fly_one_cm":60525},"minecraft:mined":{"minecraft:grass":11},"minecraft:dropped":{"minecraft:diamond_sword":1,"minecraft:wheat_seeds":1}},"DataVersion":3465}