{"stats":{"minecraft:killed_by":{"minecraft:warden":1},"minecraft:dropped":{"tombstone:grave_dust":1},"minecraft:custom":{"minecraft:time_since_rest":21692,"minecraft:crouch_one_cm":13250,"minecraft:play_time":32283,"minecraft:sprint_one_cm":8705,"minecraft:walk_one_cm":96067,"minecraft:damage_taken":650,"minecraft:deaths":1,"minecraft:sneak_time":968,"minecraft:walk_under_water_one_cm":10820,"minecraft:drop":1,"minecraft:jump":143,"minecraft:damage_dealt":102,"minecraft:leave_game":1,"minecraft:time_since_death":21976,"minecraft:walk_on_water_one_cm":1652,"minecraft:total_world_time":32283,"minecraft:fall_one_cm":2068,"minecraft:fly_one_cm":139616,"minecraft:open_barrel":2},"minecraft:used":{"refurbished_furniture:door_mat":2,"securitycraft:reinforced_lantern":2,"minecraft:torch":5,"minecraft:glowstone":3,"minecraft:dirt":1,"minecraft:potion":1,"connectedglass:tinted_borderless_glass":7,"minecraft:grass_block":2,"refurbished_furniture:cherry_desk":4,"tombstone:gift":2,"connectedglass:scratched_glass":5,"refurbished_furniture:cherry_chair":6,"minecraft:milk_bucket":1},"minecraft:picked_up":{"minecraft:pink_petals":3}},"DataVersion":3465}