{"stats":{"minecraft:dropped":{"tombstone:grave_dust":1},"minecraft:killed_by":{"minecraft:warden":1},"minecraft:killed":{"minecraft:axolotl":6},"minecraft:custom":{"minecraft:time_since_rest":44784,"minecraft:sprint_one_cm":16631,"minecraft:damage_taken":650,"minecraft:walk_one_cm":135592,"minecraft:mob_kills":6,"minecraft:drop":1,"minecraft:damage_dealt":952,"minecraft:fly_one_cm":228264,"minecraft:open_barrel":2,"minecraft:crouch_one_cm":13466,"minecraft:play_time":55375,"minecraft:deaths":1,"minecraft:sneak_time":1305,"minecraft:walk_under_water_one_cm":10820,"minecraft:jump":190,"minecraft:leave_game":3,"minecraft:time_since_death":45068,"minecraft:walk_on_water_one_cm":2104,"minecraft:total_world_time":55375,"minecraft:fall_one_cm":2068},"minecraft:used":{"refurbished_furniture:door_mat":2,"minecraft:turtle_spawn_egg":2,"minecraft:netherite_sword":13,"minecraft:dark_oak_planks":9,"minecraft:water_bucket":50,"connectedglass:tinted_borderless_glass":7,"minecraft:birch_planks":72,"minecraft:lantern":10,"minecraft:grass_block":2,"minecraft:oak_planks":97,"minecraft:axolotl_spawn_egg":5,"minecraft:spruce_planks":56,"connectedglass:scratched_glass":5,"minecraft:cherry_planks":22,"minecraft:stone":1,"refurbished_furniture:cherry_chair":6,"minecraft:crimson_planks":6,"chisel:smooth/birch_planks":98,"securitycraft:reinforced_lantern":2,"minecraft:torch":5,"minecraft:glowstone":3,"minecraft:dirt":29,"minecraft:potion":1,"refurbished_furniture:cherry_desk":4,"tombstone:gift":2,"decorative_blocks:brazier":1,"minecraft:cherry_fence":12,"minecraft:axolotl_bucket":3,"chisel:smooth/spruce_planks":67,"minecraft:milk_bucket":1},"minecraft:picked_up":{"minecraft:pink_petals":19,"minecraft:torch":1,"minecraft:wheat_seeds":1}},"DataVersion":3465}