{"stats":{"minecraft:killed_by":{"minecraft:warden":1},"minecraft:dropped":{"minecraft:player_head":1,"tombstone:grave_dust":1,"refurbished_furniture:television_remote":3},"minecraft:killed":{"minecraft:axolotl":6},"minecraft:custom":{"minecraft:time_since_rest":95863,"minecraft:sprint_one_cm":28332,"minecraft:damage_taken":650,"minecraft:walk_one_cm":213157,"minecraft:mob_kills":6,"minecraft:drop":5,"minecraft:damage_dealt":952,"minecraft:fly_one_cm":304130,"minecraft:open_barrel":3,"minecraft:crouch_one_cm":13505,"minecraft:play_time":106454,"minecraft:deaths":1,"minecraft:sneak_time":1554,"minecraft:walk_under_water_one_cm":10939,"minecraft:jump":255,"minecraft:leave_game":4,"minecraft:time_since_death":96147,"minecraft:walk_on_water_one_cm":2273,"minecraft:total_world_time":106454,"minecraft:fall_one_cm":2068},"minecraft:used":{"minecraft:deepslate_tiles":169,"minecraft:turtle_spawn_egg":2,"sophisticatedbackpacks:backpack":1,"refurbished_furniture:dark_electricity_generator":2,"refurbished_furniture:recycle_bin":1,"minecraft:netherite_sword":13,"minecraft:dark_oak_planks":11,"minecraft:water_bucket":50,"refurbished_furniture:spruce_drawer":1,"refurbished_furniture:light_range_hood":4,"connectedglass:tinted_borderless_glass":7,"refurbished_furniture:light_ceiling_light":23,"refurbished_furniture:gray_stool":5,"minecraft:birch_planks":75,"minecraft:lantern":10,"minecraft:grass_block":2,"refurbished_furniture:birch_table":3,"minecraft:oak_planks":97,"minecraft:quartz_block":2,"chisel:braid/quartz":18,"refurbished_furniture:light_stove":2,"minecraft:axolotl_spawn_egg":5,"minecraft:spruce_planks":56,"connectedglass:scratched_glass":5,"minecraft:cherry_planks":22,"minecraft:stone":1,"refurbished_furniture:light_electricity_generator":2,"refurbished_furniture:cherry_chair":6,"chisel:smooth/birch_planks":98,"minecraft:crimson_planks":6,"refurbished_furniture:gray_sofa":11,"minecraft:item_frame":2,"securitycraft:reinforced_lantern":2,"minecraft:torch":5,"refurbished_furniture:birch_drawer":3,"minecraft:glowstone":3,"refurbished_furniture:light_lightswitch":6,"minecraft:dirt":30,"minecraft:potion":1,"refurbished_furniture:dark_oak_dark_ceiling_fan":1,"chisel:small_bricks/gray_concrete":59,"chisel:jellybean/andesite":2,"refurbished_furniture:dark_oak_chair":4,"tombstone:gift":2,"refurbished_furniture:oak_cutting_board":2,"refurbished_furniture:cherry_desk":4,"refurbished_furniture:television":1,"refurbished_furniture:cherry_mail_box":1,"decorative_blocks:brazier":1,"chisel:large_tile/glowstone":15,"minecraft:dark_oak_door":2,"minecraft:cherry_fence":12,"minecraft:axolotl_bucket":3,"refurbished_furniture:dark_oak_table":10,"chisel:smooth/spruce_planks":67,"refurbished_furniture:computer":5,"minecraft:milk_bucket":2,"refurbished_furniture:door_mat":2},"minecraft:picked_up":{"minecraft:pink_petals":19,"minecraft:torch":1,"refurbished_furniture:light_ceiling_light":1,"minecraft:wheat_seeds":1,"refurbished_furniture:television_remote":2,"minecraft:dark_oak_door":2}},"DataVersion":3465}