{"stats":{"minecraft:killed_by":{"minecraft:warden":1},"minecraft:dropped":{"tombstone:grave_dust":1},"minecraft:custom":{"minecraft:jump":104,"minecraft:time_since_rest":6907,"minecraft:deaths":1,"minecraft:damage_dealt":102,"minecraft:crouch_one_cm":13166,"minecraft:damage_taken":650,"minecraft:sprint_one_cm":2554,"minecraft:play_time":17498,"minecraft:walk_on_water_one_cm":1599,"minecraft:time_since_death":7191,"minecraft:walk_one_cm":80218,"minecraft:sneak_time":577,"minecraft:total_world_time":17498,"minecraft:walk_under_water_one_cm":10638,"minecraft:drop":1,"minecraft:fall_one_cm":2068,"minecraft:fly_one_cm":104603,"minecraft:open_barrel":2},"minecraft:used":{"tombstone:gift":2,"minecraft:glowstone":3,"minecraft:potion":1}},"DataVersion":3465}