{"stats":{"minecraft:custom":{"minecraft:jump":45,"minecraft:time_since_rest":5498,"minecraft:damage_dealt":54,"minecraft:crouch_one_cm":163,"minecraft:sprint_one_cm":763,"minecraft:play_time":5498,"minecraft:walk_on_water_one_cm":1572,"minecraft:time_since_death":5498,"minecraft:walk_one_cm":23753,"minecraft:sneak_time":276,"minecraft:total_world_time":5498,"minecraft:walk_under_water_one_cm":10519,"minecraft:fall_one_cm":418,"minecraft:fly_one_cm":47411,"minecraft:open_barrel":2}},"DataVersion":3465}