{"stats":{"minecraft:killed_by":{"minecraft:warden":1},"minecraft:dropped":{"tombstone:grave_dust":1},"minecraft:custom":{"minecraft:open_barrel":2,"minecraft:time_since_rest":30382,"minecraft:crouch_one_cm":13354,"minecraft:sprint_one_cm":11983,"minecraft:play_time":40973,"minecraft:deaths":1,"minecraft:damage_taken":650,"minecraft:walk_one_cm":115660,"minecraft:sneak_time":1083,"minecraft:walk_under_water_one_cm":10820,"minecraft:drop":1,"minecraft:jump":153,"minecraft:damage_dealt":102,"minecraft:leave_game":1,"minecraft:walk_on_water_one_cm":1652,"minecraft:time_since_death":30666,"minecraft:total_world_time":40973,"minecraft:fall_one_cm":2068,"minecraft:fly_one_cm":147722},"minecraft:used":{"minecraft:dark_oak_planks":8,"securitycraft:reinforced_lantern":2,"minecraft:torch":5,"minecraft:glowstone":3,"minecraft:dirt":2,"minecraft:potion":1,"connectedglass:tinted_borderless_glass":7,"minecraft:birch_planks":69,"minecraft:grass_block":2,"minecraft:oak_planks":97,"refurbished_furniture:cherry_desk":4,"tombstone:gift":2,"minecraft:spruce_planks":56,"decorative_blocks:brazier":1,"connectedglass:scratched_glass":5,"minecraft:cherry_planks":22,"minecraft:stone":1,"refurbished_furniture:cherry_chair":6,"minecraft:milk_bucket":1,"minecraft:crimson_planks":6,"refurbished_furniture:door_mat":2},"minecraft:picked_up":{"minecraft:pink_petals":3,"minecraft:torch":1}},"DataVersion":3465}