{"stats":{"minecraft:killed_by":{"minecraft:warden":1,"minecraft:player":1},"minecraft:dropped":{"minecraft:player_head":1,"minecraft:glass_bottle":1,"tombstone:grave_dust":1,"refurbished_furniture:television_remote":3},"minecraft:killed":{"minecraft:axolotl":6},"minecraft:mined":{"minecraft:dirt":1},"minecraft:custom":{"minecraft:mob_kills":6,"minecraft:open_barrel":3,"minecraft:leave_game":5,"minecraft:time_since_death":476,"minecraft:time_since_rest":1,"minecraft:sprint_one_cm":73001,"minecraft:damage_taken":1180,"minecraft:walk_one_cm":348311,"minecraft:drop":6,"minecraft:damage_dealt":962,"minecraft:fly_one_cm":367257,"minecraft:crouch_one_cm":15483,"minecraft:play_time":165433,"minecraft:deaths":2,"minecraft:sneak_time":2938,"minecraft:walk_under_water_one_cm":10939,"minecraft:jump":379,"minecraft:walk_on_water_one_cm":3259,"minecraft:total_world_time":165433,"minecraft:fall_one_cm":4936},"minecraft:used":{"minecraft:turtle_spawn_egg":2,"decorative_blocks:birch_seat":2,"minecraft:water_bucket":50,"minecraft:netherite_sword":13,"refurbished_furniture:plate":3,"minecraft:spruce_door":7,"refurbished_furniture:spruce_drawer":1,"minecraft:birch_planks":75,"minecraft:oak_planks":97,"chisel:braid/quartz":73,"minecraft:axolotl_spawn_egg":5,"refurbished_furniture:light_stove":2,"minecraft:spruce_planks":56,"minecraft:cherry_planks":22,"minecraft:stone":2,"refurbished_furniture:cherry_chair":6,"refurbished_furniture:gray_sofa":11,"refurbished_furniture:dark_ceiling_light":8,"refurbished_furniture:gray_kitchen_cabinetry":5,"minecraft:cookie":3,"minecraft:orange_bed":1,"minecraft:torch":5,"minecraft:dirt":31,"decorative_blocks:birch_support":6,"refurbished_furniture:dark_oak_dark_ceiling_fan":1,"minecraft:tnt":5,"refurbished_furniture:oak_cutting_board":2,"refurbished_furniture:television":5,"chisel:jellybean/andesite":2,"refurbished_furniture:black_sofa":6,"decorative_blocks:oak_support":3,"minecraft:painting":11,"chisel:large_tile/glowstone":15,"refurbished_furniture:gray_basin":3,"minecraft:axolotl_bucket":3,"refurbished_furniture:computer":6,"minecraft:dark_oak_door":4,"minecraft:milk_bucket":2,"minecraft:deepslate_tiles":260,"refurbished_furniture:dark_electricity_generator":5,"refurbished_furniture:recycle_bin":1,"minecraft:dark_oak_planks":11,"sophisticatedbackpacks:backpack":1,"refurbished_furniture:dark_oak_desk":4,"minecraft:quartz_slab":5,"refurbished_furniture:light_range_hood":4,"connectedglass:tinted_borderless_glass":7,"refurbished_furniture:light_ceiling_light":33,"refurbished_furniture:gray_stool":5,"minecraft:birch_slab":4,"minecraft:lantern":10,"minecraft:grass_block":12,"refurbished_furniture:gray_toilet":6,"minecraft:quartz_block":16,"refurbished_furniture:birch_table":6,"connectedglass:scratched_glass":5,"refurbished_furniture:white_toilet":1,"refurbished_furniture:light_electricity_generator":2,"refurbished_furniture:dark_lightswitch":1,"chisel:smooth/birch_planks":98,"minecraft:crimson_planks":6,"minecraft:item_frame":5,"securitycraft:reinforced_lantern":2,"connectedglass:borderless_glass_white_pane":21,"refurbished_furniture:birch_drawer":7,"minecraft:glowstone":3,"refurbished_furniture:white_bath":1,"refurbished_furniture:light_lightswitch":6,"minecraft:potion":4,"chisel:small_bricks/gray_concrete":112,"refurbished_furniture:dark_oak_chair":8,"refurbished_furniture:cherry_desk":4,"tombstone:gift":2,"refurbished_furniture:cherry_mail_box":1,"decorative_blocks:brazier":1,"minecraft:cherry_fence":12,"refurbished_furniture:dark_oak_table":15,"minecraft:enchanted_golden_apple":3,"chisel:smooth/spruce_planks":67,"refurbished_furniture:door_mat":2},"minecraft:picked_up":{"minecraft:pink_petals":19,"minecraft:dirt":1,"minecraft:wheat_seeds":2,"minecraft:dark_oak_door":2,"minecraft:torch":1,"refurbished_furniture:light_ceiling_light":1,"refurbished_furniture:television_remote":2}},"DataVersion":3465}