{"stats":{"minecraft:custom":{"minecraft:jump":93,"minecraft:time_since_rest":23959,"minecraft:leave_game":5,"minecraft:crouch_one_cm":384,"minecraft:play_time":33610,"minecraft:time_since_death":24040,"minecraft:sprint_one_cm":9496,"minecraft:walk_one_cm":9778,"minecraft:walk_on_water_one_cm":175,"minecraft:deaths":1,"minecraft:sneak_time":1115,"minecraft:total_world_time":33610,"minecraft:fall_one_cm":418,"minecraft:fly_one_cm":314665},"minecraft:used":{"minecraft:white_concrete":25,"minecraft:orange_concrete":7,"minecraft:red_wool":1,"minecraft:grass_block":2}},"DataVersion":3465}