{"stats":{"minecraft:custom":{"minecraft:time_since_rest":92835,"minecraft:crouch_one_cm":3418,"minecraft:sprint_one_cm":25086,"minecraft:play_time":102486,"minecraft:deaths":1,"minecraft:walk_one_cm":50521,"minecraft:sneak_time":4276,"minecraft:mob_kills":1,"minecraft:walk_under_water_one_cm":1745,"minecraft:interact_with_anvil":1,"minecraft:jump":280,"minecraft:damage_dealt":44,"minecraft:leave_game":5,"minecraft:walk_on_water_one_cm":489,"minecraft:time_since_death":92916,"minecraft:total_world_time":102486,"minecraft:fall_one_cm":418,"minecraft:fly_one_cm":702957},"minecraft:used":{"minecraft:deepslate_tile_wall":40,"minecraft:glow_squid_spawn_egg":2,"minecraft:netherrack":9,"minecraft:purple_stained_glass_pane":1,"minecraft:magenta_stained_glass_pane":26,"minecraft:basalt":17,"minecraft:potion":2,"minecraft:anvil":1,"minecraft:crimson_fence":4,"minecraft:orange_concrete":7,"minecraft:flint_and_steel":12,"minecraft:crimson_stairs":9,"minecraft:red_wool":1,"minecraft:crimson_trapdoor":9,"minecraft:deepslate_tile_stairs":98,"minecraft:grass_block":2,"minecraft:crimson_slab":12,"minecraft:deepslate_tile_slab":6,"minecraft:polished_basalt":2,"minecraft:polished_blackstone_button":2,"minecraft:white_concrete":25,"minecraft:bone_meal":33,"stoneworks:quartz_tile_slab":2,"minecraft:obsidian":53,"minecraft:crimson_planks":5,"minecraft:deepslate_tiles":26}},"DataVersion":3465}