{"stats":{"minecraft:custom":{"minecraft:time_since_rest":104835,"minecraft:sprint_one_cm":25445,"minecraft:walk_one_cm":52534,"minecraft:interact_with_anvil":1,"minecraft:mob_kills":1,"minecraft:damage_dealt":44,"minecraft:fly_one_cm":795526,"minecraft:crouch_one_cm":3580,"minecraft:play_time":114486,"minecraft:deaths":1,"minecraft:sneak_time":5190,"minecraft:walk_under_water_one_cm":1745,"minecraft:jump":294,"minecraft:leave_game":5,"minecraft:time_since_death":104916,"minecraft:walk_on_water_one_cm":489,"minecraft:total_world_time":114486,"minecraft:fall_one_cm":418},"minecraft:picked_up":{"minecraft:quartz":9,"minecraft:netherrack":181},"minecraft:used":{"minecraft:deepslate_tile_wall":58,"minecraft:glow_squid_spawn_egg":2,"minecraft:purple_stained_glass_pane":1,"minecraft:amethyst_cluster":12,"minecraft:amethyst_block":4,"minecraft:crimson_fence":6,"minecraft:orange_concrete":7,"minecraft:flint_and_steel":13,"minecraft:red_wool":1,"minecraft:grass_block":2,"minecraft:crimson_slab":23,"minecraft:polished_basalt":2,"minecraft:crimson_planks":5,"minecraft:soul_lantern":4,"minecraft:netherrack":9,"minecraft:magenta_stained_glass_pane":38,"minecraft:basalt":17,"minecraft:anvil":1,"minecraft:potion":2,"minecraft:tnt":1,"minecraft:crimson_stairs":18,"minecraft:crimson_trapdoor":15,"minecraft:deepslate_tile_stairs":112,"minecraft:chain":6,"minecraft:deepslate_tile_slab":6,"minecraft:white_bed":2,"minecraft:polished_blackstone_button":2,"minecraft:white_concrete":25,"minecraft:bone_meal":33,"stoneworks:quartz_tile_slab":2,"minecraft:obsidian":53,"minecraft:deepslate_tiles":31}},"DataVersion":3465}