{"stats":{"minecraft:used":{"minecraft:deepslate_tiles":31,"minecraft:glow_squid_spawn_egg":2,"minecraft:purple_stained_glass_pane":1,"minecraft:amethyst_cluster":12,"minecraft:netherite_sword":16,"minecraft:end_rod":2,"minecraft:amethyst_block":4,"minecraft:crimson_fence":6,"minecraft:orange_concrete":7,"minecraft:flint_and_steel":17,"minecraft:red_wool":1,"minecraft:grass_block":18,"minecraft:spruce_slab":41,"minecraft:barrier":16,"minecraft:crimson_slab":23,"minecraft:polished_basalt":2,"minecraft:ender_pearl":2,"minecraft:cherry_leaves":1,"minecraft:wooden_shovel":13,"minecraft:bubble_coral":1,"minecraft:crimson_planks":5,"minecraft:barrel":2,"minecraft:soul_lantern":4,"minecraft:netherrack":76,"minecraft:magenta_stained_glass_pane":38,"minecraft:basalt":17,"minecraft:dirt":2,"minecraft:anvil":1,"minecraft:potion":2,"minecraft:tnt":1,"minecraft:crimson_stairs":18,"minecraft:crimson_trapdoor":15,"minecraft:deepslate_tile_stairs":112,"minecraft:white_bed":10,"minecraft:chain":6,"minecraft:polished_blackstone_button":2,"minecraft:deepslate_tile_slab":6,"minecraft:campfire":24,"minecraft:dark_oak_chest_boat":1,"minecraft:sea_pickle":1,"minecraft:white_concrete":25,"minecraft:spruce_fence":13,"minecraft:spruce_log":17,"minecraft:bone_meal":33,"stoneworks:quartz_tile_slab":2,"minecraft:obsidian":71,"minecraft:deepslate_tile_wall":58},"minecraft:killed":{"minecraft:zombified_piglin":4},"minecraft:picked_up":{"minecraft:quartz":9,"minecraft:golden_sword":1,"minecraft:arrow":1,"minecraft:rotten_flesh":4,"minecraft:wheat_seeds":2,"minecraft:iron_helmet":1,"minecraft:end_rod":1,"tombstone:magic_scroll":1,"minecraft:netherrack":181},"minecraft:custom":{"minecraft:time_since_rest":52629,"minecraft:sprint_one_cm":31646,"minecraft:walk_one_cm":112211,"minecraft:interact_with_anvil":1,"minecraft:mob_kills":5,"minecraft:drop":2,"minecraft:damage_dealt":1007,"minecraft:fly_one_cm":1296101,"minecraft:open_barrel":2,"minecraft:crouch_one_cm":6879,"minecraft:play_time":180333,"tombstone:undead_killed":4,"minecraft:deaths":4,"minecraft:sneak_time":7985,"minecraft:walk_under_water_one_cm":7463,"minecraft:damage_dealt_resisted":350,"minecraft:jump":475,"minecraft:leave_game":7,"minecraft:walk_on_water_one_cm":10910,"minecraft:time_since_death":52754,"minecraft:total_world_time":180333,"minecraft:fall_one_cm":418},"minecraft:dropped":{"minecraft:wheat_seeds":2}},"DataVersion":3465}