{"stats":{"minecraft:custom":{"minecraft:time_since_rest":68835,"minecraft:crouch_one_cm":2945,"minecraft:sprint_one_cm":24693,"minecraft:play_time":78486,"minecraft:deaths":1,"minecraft:walk_one_cm":43855,"minecraft:sneak_time":2979,"minecraft:walk_under_water_one_cm":1745,"minecraft:interact_with_anvil":1,"minecraft:jump":260,"minecraft:damage_dealt":10,"minecraft:leave_game":5,"minecraft:walk_on_water_one_cm":489,"minecraft:time_since_death":68916,"minecraft:total_world_time":78486,"minecraft:fall_one_cm":418,"minecraft:fly_one_cm":613758},"minecraft:used":{"minecraft:deepslate_tile_wall":6,"minecraft:glow_squid_spawn_egg":2,"minecraft:netherrack":9,"minecraft:purple_stained_glass_pane":1,"minecraft:magenta_stained_glass_pane":7,"minecraft:potion":2,"minecraft:anvil":1,"minecraft:orange_concrete":7,"minecraft:flint_and_steel":1,"minecraft:red_wool":1,"minecraft:grass_block":2,"minecraft:deepslate_tile_slab":2,"minecraft:white_concrete":25,"minecraft:bone_meal":33,"stoneworks:quartz_tile_slab":2,"minecraft:obsidian":47}},"DataVersion":3465}