{"stats":{"minecraft:custom":{"minecraft:time_since_rest":32835,"minecraft:crouch_one_cm":1280,"minecraft:sprint_one_cm":15528,"minecraft:play_time":42486,"minecraft:deaths":1,"minecraft:walk_one_cm":16585,"minecraft:sneak_time":1654,"minecraft:walk_under_water_one_cm":1745,"minecraft:interact_with_anvil":1,"minecraft:jump":168,"minecraft:leave_game":5,"minecraft:walk_on_water_one_cm":489,"minecraft:time_since_death":32916,"minecraft:total_world_time":42486,"minecraft:fall_one_cm":418,"minecraft:fly_one_cm":419945},"minecraft:used":{"minecraft:glow_squid_spawn_egg":2,"minecraft:anvil":1,"minecraft:orange_concrete":7,"minecraft:red_wool":1,"minecraft:grass_block":2,"minecraft:deepslate_tile_slab":2,"minecraft:white_concrete":25,"minecraft:bone_meal":33,"stoneworks:quartz_tile_slab":2}},"DataVersion":3465}