{"stats":{"minecraft:custom":{"minecraft:time_since_rest":44835,"minecraft:crouch_one_cm":2249,"minecraft:sprint_one_cm":22737,"minecraft:play_time":54486,"minecraft:deaths":1,"minecraft:walk_one_cm":24611,"minecraft:sneak_time":2396,"minecraft:walk_under_water_one_cm":1745,"minecraft:interact_with_anvil":1,"minecraft:jump":220,"minecraft:leave_game":5,"minecraft:walk_on_water_one_cm":489,"minecraft:time_since_death":44916,"minecraft:total_world_time":54486,"minecraft:fall_one_cm":418,"minecraft:fly_one_cm":564347},"minecraft:used":{"minecraft:glow_squid_spawn_egg":2,"minecraft:anvil":1,"minecraft:orange_concrete":7,"minecraft:flint_and_steel":1,"minecraft:red_wool":1,"minecraft:grass_block":2,"minecraft:deepslate_tile_slab":2,"minecraft:white_concrete":25,"minecraft:bone_meal":33,"stoneworks:quartz_tile_slab":2,"minecraft:obsidian":4}},"DataVersion":3465}