{"stats":{"minecraft:custom":{"minecraft:time_since_rest":22782,"minecraft:sprint_one_cm":29874,"minecraft:walk_one_cm":82797,"minecraft:interact_with_anvil":1,"minecraft:mob_kills":5,"minecraft:damage_dealt":997,"minecraft:fly_one_cm":1096104,"minecraft:crouch_one_cm":6327,"minecraft:play_time":150486,"tombstone:undead_killed":4,"minecraft:deaths":4,"minecraft:sneak_time":7451,"minecraft:walk_under_water_one_cm":7384,"minecraft:damage_dealt_resisted":350,"minecraft:jump":417,"minecraft:leave_game":5,"minecraft:time_since_death":22907,"minecraft:walk_on_water_one_cm":5644,"minecraft:total_world_time":150486,"minecraft:fall_one_cm":418},"minecraft:picked_up":{"minecraft:quartz":9,"minecraft:golden_sword":1,"minecraft:rotten_flesh":4,"minecraft:iron_helmet":1,"minecraft:end_rod":1,"tombstone:magic_scroll":1,"minecraft:netherrack":181},"minecraft:used":{"minecraft:deepslate_tile_wall":58,"minecraft:glow_squid_spawn_egg":2,"minecraft:purple_stained_glass_pane":1,"minecraft:amethyst_cluster":12,"minecraft:netherite_sword":16,"minecraft:end_rod":2,"minecraft:amethyst_block":4,"minecraft:crimson_fence":6,"minecraft:orange_concrete":7,"minecraft:flint_and_steel":16,"minecraft:red_wool":1,"minecraft:grass_block":2,"minecraft:spruce_slab":33,"minecraft:barrier":16,"minecraft:crimson_slab":23,"minecraft:polished_basalt":2,"minecraft:ender_pearl":2,"minecraft:cherry_leaves":1,"minecraft:bubble_coral":1,"minecraft:crimson_planks":5,"minecraft:soul_lantern":4,"minecraft:netherrack":76,"minecraft:magenta_stained_glass_pane":38,"minecraft:basalt":17,"minecraft:dirt":1,"minecraft:anvil":1,"minecraft:potion":2,"minecraft:tnt":1,"minecraft:crimson_stairs":18,"minecraft:crimson_trapdoor":15,"minecraft:deepslate_tile_stairs":112,"minecraft:sea_pickle":1,"minecraft:chain":6,"minecraft:deepslate_tile_slab":6,"minecraft:white_bed":10,"minecraft:polished_blackstone_button":2,"minecraft:white_concrete":25,"minecraft:spruce_fence":13,"minecraft:spruce_log":16,"minecraft:bone_meal":33,"stoneworks:quartz_tile_slab":2,"minecraft:obsidian":54,"minecraft:deepslate_tiles":31},"minecraft:killed":{"minecraft:zombified_piglin":4}},"DataVersion":3465}