{
  "minecraft:recipes/decorations/crafting_table": {
    "criteria": {
      "unlock_right_away": "2024-09-15 23:37:53 +0000"
    },
    "done": true
  },
  "variantvanillablocks:recipes/misc/crafting_table": {
    "criteria": {
      "has_the_recipe": "2024-09-15 23:37:53 +0000"
    },
    "done": true
  },
  "tombstone:adventure/root": {
    "criteria": {
      "auto": "2024-09-15 23:37:54 +0000"
    },
    "done": true
  },
  "minecraft:adventure/adventuring_time": {
    "criteria": {
      "minecraft:birch_forest": "2024-09-15 23:43:49 +0000",
      "minecraft:stony_peaks": "2024-09-15 23:41:22 +0000",
      "minecraft:sparse_jungle": "2024-09-15 23:43:17 +0000",
      "minecraft:river": "2024-09-15 23:43:34 +0000",
      "minecraft:stony_shore": "2024-09-15 23:44:04 +0000",
      "minecraft:forest": "2024-09-15 23:41:50 +0000",
      "minecraft:jungle": "2024-09-15 23:43:48 +0000",
      "minecraft:old_growth_birch_forest": "2024-09-15 23:43:06 +0000",
      "minecraft:plains": "2024-09-15 23:37:54 +0000"
    },
    "done": false
  },
  "variantvanillablocks:recipes/decorations/barrel": {
    "criteria": {
      "has_the_recipe": "2024-09-15 23:42:56 +0000"
    },
    "done": true
  },
  "variantvanillablocks:recipes/decorations/composter": {
    "criteria": {
      "has_the_recipe": "2024-09-15 23:42:56 +0000"
    },
    "done": true
  },
  "minecraft:recipes/decorations/barrel": {
    "criteria": {
      "has_spruce_planks": "2024-09-15 23:42:56 +0000",
      "has_spruce_slab": "2024-09-15 23:42:56 +0000"
    },
    "done": true
  },
  "minecraft:recipes/decorations/composter": {
    "criteria": {
      "has_spruce_slab": "2024-09-15 23:42:56 +0000"
    },
    "done": true
  },
  "minecraft:recipes/transportation/cherry_boat": {
    "criteria": {
      "in_water": "2024-09-15 23:43:13 +0000"
    },
    "done": true
  },
  "minecraft:recipes/transportation/bamboo_raft": {
    "criteria": {
      "in_water": "2024-09-15 23:43:13 +0000"
    },
    "done": true
  },
  "minecraft:recipes/transportation/acacia_boat": {
    "criteria": {
      "in_water": "2024-09-15 23:43:13 +0000"
    },
    "done": true
  },
  "minecraft:recipes/transportation/jungle_boat": {
    "criteria": {
      "in_water": "2024-09-15 23:43:13 +0000"
    },
    "done": true
  },
  "minecraft:recipes/transportation/spruce_boat": {
    "criteria": {
      "in_water": "2024-09-15 23:43:13 +0000"
    },
    "done": true
  },
  "minecraft:recipes/transportation/birch_boat": {
    "criteria": {
      "in_water": "2024-09-15 23:43:13 +0000"
    },
    "done": true
  },
  "minecraft:recipes/transportation/oak_boat": {
    "criteria": {
      "in_water": "2024-09-15 23:43:13 +0000"
    },
    "done": true
  },
  "minecraft:recipes/transportation/mangrove_boat": {
    "criteria": {
      "in_water": "2024-09-15 23:43:13 +0000"
    },
    "done": true
  },
  "minecraft:recipes/transportation/dark_oak_boat": {
    "criteria": {
      "in_water": "2024-09-15 23:43:13 +0000"
    },
    "done": true
  },
  "minecraft:recipes/food/dried_kelp_from_smoking": {
    "criteria": {
      "has_kelp": "2024-09-15 23:52:56 +0000"
    },
    "done": true
  },
  "minecraft:recipes/food/dried_kelp_from_smelting": {
    "criteria": {
      "has_kelp": "2024-09-15 23:52:56 +0000"
    },
    "done": true
  },
  "minecraft:recipes/food/dried_kelp_from_campfire_cooking": {
    "criteria": {
      "has_kelp": "2024-09-15 23:52:56 +0000"
    },
    "done": true
  },
  "DataVersion": 3465
}