{
  "securitycraft:recipes/building_blocks/reinforced_light_gray_stained_glass": {
    "criteria": {
      "has_glass": "2024-09-16 19:32:14 +0000"
    },
    "done": true
  },
  "variantvanillablocks:recipes/decorations/barrel": {
    "criteria": {
      "has_the_recipe": "2024-09-16 19:10:13 +0000"
    },
    "done": true
  },
  "securitycraft:recipes/building_blocks/reinforced_green_stained_glass_pane_from_dye": {
    "criteria": {
      "has_glass": "2024-09-16 19:32:14 +0000"
    },
    "done": true
  },
  "refurbished_furniture:recipes/misc/slicing/pink_dye_from_pink_petals": {
    "criteria": {
      "has_pink_petals": "2024-09-16 19:35:05 +0000"
    },
    "done": true
  },
  "securitycraft:recipes/building_blocks/reinforced_orange_stained_glass": {
    "criteria": {
      "has_glass": "2024-09-16 19:32:14 +0000"
    },
    "done": true
  },
  "securitycraft:recipes/building_blocks/reinforced_glass_pane": {
    "criteria": {
      "has_glass": "2024-09-16 19:32:14 +0000"
    },
    "done": true
  },
  "securitycraft:recipes/building_blocks/reinforced_black_stained_glass": {
    "criteria": {
      "has_glass": "2024-09-16 19:32:14 +0000"
    },
    "done": true
  },
  "minecraft:nether/explore_nether": {
    "criteria": {
      "minecraft:nether_wastes": "2024-09-16 19:19:09 +0000"
    },
    "done": false
  },
  "connectedglass:recipes/misc/tinted_borderless_glass_cyan2": {
    "criteria": {
      "recipe_condition1": "2024-09-16 19:33:15 +0000"
    },
    "done": true
  },
  "securitycraft:recipes/building_blocks/reinforced_purple_stained_glass_pane_from_glass": {
    "criteria": {
      "has_glass": "2024-09-16 19:32:14 +0000"
    },
    "done": true
  },
  "connectedglass:recipes/misc/vanilla_glass": {
    "criteria": {
      "recipe_condition": "2024-09-16 19:32:14 +0000"
    },
    "done": true
  },
  "securitycraft:recipes/building_blocks/reinforced_blue_stained_glass_pane_from_dye": {
    "criteria": {
      "has_glass": "2024-09-16 19:32:14 +0000"
    },
    "done": true
  },
  "minecraft:recipes/decorations/crafting_table": {
    "criteria": {
      "unlock_right_away": "2024-09-16 19:08:15 +0000"
    },
    "done": true
  },
  "connectedglass:recipes/misc/tinted_borderless_glass_orange2": {
    "criteria": {
      "recipe_condition1": "2024-09-16 19:33:15 +0000"
    },
    "done": true
  },
  "securitycraft:recipes/building_blocks/reinforced_light_blue_stained_glass_pane_from_dye": {
    "criteria": {
      "has_glass": "2024-09-16 19:32:14 +0000"
    },
    "done": true
  },
  "securitycraft:recipes/building_blocks/reinforced_lime_stained_glass_pane_from_glass": {
    "criteria": {
      "has_glass": "2024-09-16 19:32:14 +0000"
    },
    "done": true
  },
  "minecraft:recipes/transportation/cherry_boat": {
    "criteria": {
      "in_water": "2024-09-16 19:10:35 +0000"
    },
    "done": true
  },
  "variantvanillablocks:recipes/decorations/composter": {
    "criteria": {
      "has_the_recipe": "2024-09-16 19:10:13 +0000"
    },
    "done": true
  },
  "securitycraft:recipes/building_blocks/reinforced_light_blue_stained_glass_pane_from_glass": {
    "criteria": {
      "has_glass": "2024-09-16 19:32:14 +0000"
    },
    "done": true
  },
  "minecraft:recipes/transportation/bamboo_raft": {
    "criteria": {
      "in_water": "2024-09-16 19:10:35 +0000"
    },
    "done": true
  },
  "tombstone:adventure/cancel_ghostly_shape": {
    "criteria": {
      "coded_trigger": "2024-09-16 19:17:05 +0000"
    },
    "done": true
  },
  "securitycraft:recipes/building_blocks/reinforced_cyan_stained_glass": {
    "criteria": {
      "has_glass": "2024-09-16 19:32:14 +0000"
    },
    "done": true
  },
  "connectedglass:recipes/misc/scratched_glass_orange2": {
    "criteria": {
      "recipe_condition1": "2024-09-16 19:32:14 +0000"
    },
    "done": true
  },
  "securitycraft:recipes/building_blocks/reinforced_purple_stained_glass_pane_from_dye": {
    "criteria": {
      "has_glass": "2024-09-16 19:32:14 +0000"
    },
    "done": true
  },
  "securitycraft:recipes/building_blocks/reinforced_white_stained_glass": {
    "criteria": {
      "has_glass": "2024-09-16 19:32:14 +0000"
    },
    "done": true
  },
  "connectedglass:recipes/misc/tinted_borderless_glass_magenta2": {
    "criteria": {
      "recipe_condition1": "2024-09-16 19:33:15 +0000"
    },
    "done": true
  },
  "connectedglass:recipes/misc/scratched_glass_black2": {
    "criteria": {
      "recipe_condition1": "2024-09-16 19:32:14 +0000"
    },
    "done": true
  },
  "securitycraft:recipes/building_blocks/reinforced_red_stained_glass_pane_from_dye": {
    "criteria": {
      "has_glass": "2024-09-16 19:32:14 +0000"
    },
    "done": true
  },
  "connectedglass:recipes/misc/scratched_glass_blue2": {
    "criteria": {
      "recipe_condition1": "2024-09-16 19:32:14 +0000"
    },
    "done": true
  },
  "securitycraft:recipes/building_blocks/reinforced_magenta_stained_glass": {
    "criteria": {
      "has_glass": "2024-09-16 19:32:14 +0000"
    },
    "done": true
  },
  "securitycraft:recipes/building_blocks/reinforced_black_stained_glass_pane_from_dye": {
    "criteria": {
      "has_glass": "2024-09-16 19:32:14 +0000"
    },
    "done": true
  },
  "securitycraft:recipes/building_blocks/reinforced_yellow_stained_glass_pane_from_glass": {
    "criteria": {
      "has_glass": "2024-09-16 19:32:14 +0000"
    },
    "done": true
  },
  "securitycraft:recipes/building_blocks/reinforced_green_stained_glass_pane_from_glass": {
    "criteria": {
      "has_glass": "2024-09-16 19:32:14 +0000"
    },
    "done": true
  },
  "securitycraft:recipes/building_blocks/reinforced_blue_stained_glass_pane_from_glass": {
    "criteria": {
      "has_glass": "2024-09-16 19:32:14 +0000"
    },
    "done": true
  },
  "securitycraft:recipes/building_blocks/reinforced_gray_stained_glass_pane_from_glass": {
    "criteria": {
      "has_glass": "2024-09-16 19:32:14 +0000"
    },
    "done": true
  },
  "connectedglass:recipes/misc/tinted_borderless_glass_yellow2": {
    "criteria": {
      "recipe_condition1": "2024-09-16 19:33:15 +0000"
    },
    "done": true
  },
  "connectedglass:recipes/misc/vanilla_tinted_glass": {
    "criteria": {
      "recipe_condition": "2024-09-16 19:33:15 +0000"
    },
    "done": true
  },
  "minecraft:recipes/redstone/redstone_lamp": {
    "criteria": {
      "has_glowstone": "2024-09-16 19:14:15 +0000"
    },
    "done": true
  },
  "securitycraft:recipes/building_blocks/reinforced_green_stained_glass": {
    "criteria": {
      "has_glass": "2024-09-16 19:32:14 +0000"
    },
    "done": true
  },
  "securitycraft:recipes/building_blocks/reinforced_blue_stained_glass": {
    "criteria": {
      "has_glass": "2024-09-16 19:32:14 +0000"
    },
    "done": true
  },
  "minecraft:recipes/transportation/acacia_boat": {
    "criteria": {
      "in_water": "2024-09-16 19:10:35 +0000"
    },
    "done": true
  },
  "minecraft:adventure/root": {
    "criteria": {
      "killed_by_something": "2024-09-16 19:16:47 +0000"
    },
    "done": true
  },
  "securitycraft:recipes/building_blocks/reinforced_light_gray_stained_glass_pane_from_glass": {
    "criteria": {
      "has_glass": "2024-09-16 19:32:14 +0000"
    },
    "done": true
  },
  "securitycraft:recipes/building_blocks/reinforced_yellow_stained_glass": {
    "criteria": {
      "has_glass": "2024-09-16 19:32:14 +0000"
    },
    "done": true
  },
  "connectedglass:recipes/misc/tinted_borderless_glass_lime2": {
    "criteria": {
      "recipe_condition1": "2024-09-16 19:33:15 +0000"
    },
    "done": true
  },
  "tombstone:recipes/from_grave_dust": {
    "criteria": {
      "has_ingredient": "2024-09-16 19:17:53 +0000"
    },
    "done": true
  },
  "securitycraft:recipes/building_blocks/reinforced_purple_stained_glass": {
    "criteria": {
      "has_glass": "2024-09-16 19:32:14 +0000"
    },
    "done": true
  },
  "minecraft:recipes/decorations/barrel": {
    "criteria": {
      "has_spruce_planks": "2024-09-16 19:10:13 +0000",
      "has_spruce_slab": "2024-09-16 19:10:13 +0000"
    },
    "done": true
  },
  "connectedglass:recipes/misc/tinted_borderless_glass_black2": {
    "criteria": {
      "recipe_condition1": "2024-09-16 19:33:15 +0000"
    },
    "done": true
  },
  "tombstone:adventure/root": {
    "criteria": {
      "auto": "2024-09-16 19:08:16 +0000"
    },
    "done": true
  },
  "connectedglass:recipes/misc/tinted_borderless_glass_light_blue2": {
    "criteria": {
      "recipe_condition1": "2024-09-16 19:33:15 +0000"
    },
    "done": true
  },
  "minecraft:recipes/transportation/jungle_boat": {
    "criteria": {
      "in_water": "2024-09-16 19:10:35 +0000"
    },
    "done": true
  },
  "connectedglass:recipes/misc/tinted_borderless_glass_pink2": {
    "criteria": {
      "recipe_condition1": "2024-09-16 19:33:15 +0000"
    },
    "done": true
  },
  "minecraft:recipes/misc/pink_dye_from_pink_petals": {
    "criteria": {
      "has_pink_petals": "2024-09-16 19:35:05 +0000"
    },
    "done": true
  },
  "securitycraft:recipes/building_blocks/reinforced_red_stained_glass_pane_from_glass": {
    "criteria": {
      "has_glass": "2024-09-16 19:32:14 +0000"
    },
    "done": true
  },
  "securitycraft:recipes/building_blocks/reinforced_brown_stained_glass_pane_from_dye": {
    "criteria": {
      "has_glass": "2024-09-16 19:32:14 +0000"
    },
    "done": true
  },
  "connectedglass:recipes/misc/tinted_borderless_glass_red2": {
    "criteria": {
      "recipe_condition1": "2024-09-16 19:33:15 +0000"
    },
    "done": true
  },
  "decorative_blocks:recipes/decorations/chandelier": {
    "criteria": {
      "has_torch": "2024-09-16 19:33:32 +0000"
    },
    "done": true
  },
  "connectedglass:recipes/misc/scratched_glass_green2": {
    "criteria": {
      "recipe_condition1": "2024-09-16 19:32:14 +0000"
    },
    "done": true
  },
  "connectedglass:recipes/misc/tinted_borderless_glass_purple2": {
    "criteria": {
      "recipe_condition1": "2024-09-16 19:33:15 +0000"
    },
    "done": true
  },
  "securitycraft:recipes/building_blocks/reinforced_lime_stained_glass": {
    "criteria": {
      "has_glass": "2024-09-16 19:32:14 +0000"
    },
    "done": true
  },
  "connectedglass:recipes/misc/scratched_glass_gray2": {
    "criteria": {
      "recipe_condition1": "2024-09-16 19:32:14 +0000"
    },
    "done": true
  },
  "connectedglass:recipes/misc/scratched_glass_light_gray2": {
    "criteria": {
      "recipe_condition1": "2024-09-16 19:32:14 +0000"
    },
    "done": true
  },
  "securitycraft:recipes/building_blocks/reinforced_black_stained_glass_pane_from_glass": {
    "criteria": {
      "has_glass": "2024-09-16 19:32:14 +0000"
    },
    "done": true
  },
  "securitycraft:recipes/building_blocks/reinforced_red_stained_glass": {
    "criteria": {
      "has_glass": "2024-09-16 19:32:14 +0000"
    },
    "done": true
  },
  "minecraft:story/enter_the_nether": {
    "criteria": {
      "entered_nether": "2024-09-16 19:19:08 +0000"
    },
    "done": true
  },
  "variantvanillablocks:recipes/misc/crafting_table": {
    "criteria": {
      "has_the_recipe": "2024-09-16 19:08:15 +0000"
    },
    "done": true
  },
  "securitycraft:recipes/building_blocks/reinforced_white_stained_glass_pane_from_glass": {
    "criteria": {
      "has_glass": "2024-09-16 19:32:14 +0000"
    },
    "done": true
  },
  "connectedglass:recipes/misc/tinted_borderless_glass_gray2": {
    "criteria": {
      "recipe_condition1": "2024-09-16 19:33:15 +0000"
    },
    "done": true
  },
  "minecraft:recipes/decorations/composter": {
    "criteria": {
      "has_spruce_slab": "2024-09-16 19:10:13 +0000"
    },
    "done": true
  },
  "securitycraft:recipes/building_blocks/reinforced_white_stained_glass_pane_from_dye": {
    "criteria": {
      "has_glass": "2024-09-16 19:32:14 +0000"
    },
    "done": true
  },
  "connectedglass:recipes/misc/scratched_glass_magenta2": {
    "criteria": {
      "recipe_condition1": "2024-09-16 19:32:14 +0000"
    },
    "done": true
  },
  "securitycraft:recipes/building_blocks/reinforced_magenta_stained_glass_pane_from_dye": {
    "criteria": {
      "has_glass": "2024-09-16 19:32:14 +0000"
    },
    "done": true
  },
  "connectedglass:recipes/misc/scratched_glass_brown2": {
    "criteria": {
      "recipe_condition1": "2024-09-16 19:32:14 +0000"
    },
    "done": true
  },
  "securitycraft:recipes/building_blocks/reinforced_cyan_stained_glass_pane_from_dye": {
    "criteria": {
      "has_glass": "2024-09-16 19:32:14 +0000"
    },
    "done": true
  },
  "connectedglass:recipes/misc/scratched_glass_light_blue2": {
    "criteria": {
      "recipe_condition1": "2024-09-16 19:32:14 +0000"
    },
    "done": true
  },
  "refurbished_furniture:recipes/misc/slicing/green_dye_from_seagrass": {
    "criteria": {
      "has_seagrass": "2024-09-16 19:26:01 +0000"
    },
    "done": true
  },
  "securitycraft:recipes/building_blocks/reinforced_gray_stained_glass": {
    "criteria": {
      "has_glass": "2024-09-16 19:32:14 +0000"
    },
    "done": true
  },
  "minecraft:recipes/transportation/spruce_boat": {
    "criteria": {
      "in_water": "2024-09-16 19:10:35 +0000"
    },
    "done": true
  },
  "minecraft:husbandry/root": {
    "criteria": {
      "consumed_item": "2024-09-16 19:15:11 +0000"
    },
    "done": true
  },
  "minecraft:recipes/transportation/birch_boat": {
    "criteria": {
      "in_water": "2024-09-16 19:10:35 +0000"
    },
    "done": true
  },
  "minecraft:recipes/transportation/oak_boat": {
    "criteria": {
      "in_water": "2024-09-16 19:10:35 +0000"
    },
    "done": true
  },
  "decorative_blocks:recipes/building_blocks/rocky_dirt": {
    "criteria": {
      "has_dirt": "2024-09-16 19:33:35 +0000"
    },
    "done": true
  },
  "securitycraft:recipes/building_blocks/reinforced_pink_stained_glass_pane_from_glass": {
    "criteria": {
      "has_glass": "2024-09-16 19:32:14 +0000"
    },
    "done": true
  },
  "connectedglass:recipes/misc/tinted_borderless_glass_light_gray2": {
    "criteria": {
      "recipe_condition1": "2024-09-16 19:33:15 +0000"
    },
    "done": true
  },
  "securitycraft:recipes/building_blocks/reinforced_brown_stained_glass": {
    "criteria": {
      "has_glass": "2024-09-16 19:32:14 +0000"
    },
    "done": true
  },
  "securitycraft:recipes/building_blocks/reinforced_orange_stained_glass_pane_from_dye": {
    "criteria": {
      "has_glass": "2024-09-16 19:32:14 +0000"
    },
    "done": true
  },
  "connectedglass:recipes/misc/scratched_glass_lime2": {
    "criteria": {
      "recipe_condition1": "2024-09-16 19:32:14 +0000"
    },
    "done": true
  },
  "minecraft:recipes/transportation/mangrove_boat": {
    "criteria": {
      "in_water": "2024-09-16 19:10:35 +0000"
    },
    "done": true
  },
  "connectedglass:recipes/misc/tinted_borderless_glass_brown2": {
    "criteria": {
      "recipe_condition1": "2024-09-16 19:33:15 +0000"
    },
    "done": true
  },
  "connectedglass:recipes/misc/scratched_glass_pane3": {
    "criteria": {
      "recipe_condition": "2024-09-16 19:32:14 +0000"
    },
    "done": true
  },
  "securitycraft:recipes/building_blocks/reinforced_pink_stained_glass_pane_from_dye": {
    "criteria": {
      "has_glass": "2024-09-16 19:32:14 +0000"
    },
    "done": true
  },
  "connectedglass:recipes/misc/tinted_borderless_glass_white2": {
    "criteria": {
      "recipe_condition1": "2024-09-16 19:33:15 +0000"
    },
    "done": true
  },
  "minecraft:nether/root": {
    "criteria": {
      "entered_nether": "2024-09-16 19:19:08 +0000"
    },
    "done": true
  },
  "connectedglass:recipes/misc/scratched_glass_purple2": {
    "criteria": {
      "recipe_condition1": "2024-09-16 19:32:14 +0000"
    },
    "done": true
  },
  "connectedglass:recipes/misc/scratched_glass_pink2": {
    "criteria": {
      "recipe_condition1": "2024-09-16 19:32:14 +0000"
    },
    "done": true
  },
  "connectedglass:recipes/misc/tinted_borderless_glass_green2": {
    "criteria": {
      "recipe_condition1": "2024-09-16 19:33:15 +0000"
    },
    "done": true
  },
  "refurbished_furniture:recipes/food/cheese": {
    "criteria": {
      "has_milk": "2024-09-16 19:29:59 +0000"
    },
    "done": true
  },
  "securitycraft:recipes/building_blocks/reinforced_orange_stained_glass_pane_from_glass": {
    "criteria": {
      "has_glass": "2024-09-16 19:32:14 +0000"
    },
    "done": true
  },
  "securitycraft:recipes/building_blocks/reinforced_cyan_stained_glass_pane_from_glass": {
    "criteria": {
      "has_glass": "2024-09-16 19:32:14 +0000"
    },
    "done": true
  },
  "connectedglass:recipes/misc/scratched_glass_red2": {
    "criteria": {
      "recipe_condition1": "2024-09-16 19:32:14 +0000"
    },
    "done": true
  },
  "securitycraft:recipes/building_blocks/reinforced_light_gray_stained_glass_pane_from_dye": {
    "criteria": {
      "has_glass": "2024-09-16 19:32:14 +0000"
    },
    "done": true
  },
  "connectedglass:recipes/misc/tinted_borderless_glass_blue2": {
    "criteria": {
      "recipe_condition1": "2024-09-16 19:33:15 +0000"
    },
    "done": true
  },
  "connectedglass:recipes/misc/scratched_glass_white2": {
    "criteria": {
      "recipe_condition1": "2024-09-16 19:32:14 +0000"
    },
    "done": true
  },
  "minecraft:adventure/adventuring_time": {
    "criteria": {
      "minecraft:cherry_grove": "2024-09-16 19:09:15 +0000",
      "minecraft:dripstone_caves": "2024-09-16 19:14:39 +0000",
      "minecraft:plains": "2024-09-16 19:08:16 +0000"
    },
    "done": false
  },
  "securitycraft:recipes/building_blocks/reinforced_yellow_stained_glass_pane_from_dye": {
    "criteria": {
      "has_glass": "2024-09-16 19:32:14 +0000"
    },
    "done": true
  },
  "securitycraft:recipes/building_blocks/reinforced_lime_stained_glass_pane_from_dye": {
    "criteria": {
      "has_glass": "2024-09-16 19:32:14 +0000"
    },
    "done": true
  },
  "connectedglass:recipes/misc/scratched_glass_yellow2": {
    "criteria": {
      "recipe_condition1": "2024-09-16 19:32:14 +0000"
    },
    "done": true
  },
  "securitycraft:recipes/building_blocks/reinforced_light_blue_stained_glass": {
    "criteria": {
      "has_glass": "2024-09-16 19:32:14 +0000"
    },
    "done": true
  },
  "securitycraft:recipes/building_blocks/reinforced_gray_stained_glass_pane_from_dye": {
    "criteria": {
      "has_glass": "2024-09-16 19:32:14 +0000"
    },
    "done": true
  },
  "securitycraft:recipes/building_blocks/reinforced_pink_stained_glass": {
    "criteria": {
      "has_glass": "2024-09-16 19:32:14 +0000"
    },
    "done": true
  },
  "connectedglass:recipes/misc/scratched_glass_cyan2": {
    "criteria": {
      "recipe_condition1": "2024-09-16 19:32:14 +0000"
    },
    "done": true
  },
  "decorative_blocks:recipes/decorations/torch_from_chandelier": {
    "criteria": {
      "has_torch": "2024-09-16 19:33:32 +0000"
    },
    "done": true
  },
  "minecraft:recipes/transportation/dark_oak_boat": {
    "criteria": {
      "in_water": "2024-09-16 19:10:35 +0000"
    },
    "done": true
  },
  "securitycraft:recipes/building_blocks/reinforced_magenta_stained_glass_pane_from_glass": {
    "criteria": {
      "has_glass": "2024-09-16 19:32:14 +0000"
    },
    "done": true
  },
  "securitycraft:recipes/building_blocks/reinforced_brown_stained_glass_pane_from_glass": {
    "criteria": {
      "has_glass": "2024-09-16 19:32:14 +0000"
    },
    "done": true
  },
  "DataVersion": 3465
}