{
  "minecraft:recipes/decorations/crafting_table": {
    "criteria": {
      "unlock_right_away": "2024-09-15 03:17:06 +0000"
    },
    "done": true
  },
  "variantvanillablocks:recipes/misc/crafting_table": {
    "criteria": {
      "has_the_recipe": "2024-09-15 03:17:06 +0000"
    },
    "done": true
  },
  "tombstone:adventure/root": {
    "criteria": {
      "auto": "2024-09-15 03:17:07 +0000"
    },
    "done": true
  },
  "minecraft:adventure/adventuring_time": {
    "criteria": {
      "minecraft:cherry_grove": "2024-09-15 03:20:51 +0000",
      "minecraft:birch_forest": "2024-09-15 23:48:41 +0000",
      "minecraft:river": "2024-09-15 03:18:45 +0000",
      "minecraft:stony_shore": "2024-09-15 23:44:42 +0000",
      "minecraft:forest": "2024-09-15 03:18:30 +0000",
      "minecraft:plains": "2024-09-15 03:17:07 +0000"
    },
    "done": false
  },
  "variantvanillablocks:recipes/decorations/barrel": {
    "criteria": {
      "has_the_recipe": "2024-09-15 03:46:25 +0000"
    },
    "done": true
  },
  "variantvanillablocks:recipes/decorations/composter": {
    "criteria": {
      "has_the_recipe": "2024-09-15 03:46:25 +0000"
    },
    "done": true
  },
  "minecraft:recipes/decorations/red_banner": {
    "criteria": {
      "has_red_wool": "2024-09-15 03:46:25 +0000"
    },
    "done": true
  },
  "minecraft:recipes/decorations/barrel": {
    "criteria": {
      "has_spruce_planks": "2024-09-15 03:46:25 +0000",
      "has_spruce_slab": "2024-09-15 03:46:25 +0000"
    },
    "done": true
  },
  "minecraft:recipes/decorations/red_bed": {
    "criteria": {
      "has_red_wool": "2024-09-15 03:46:25 +0000"
    },
    "done": true
  },
  "minecraft:recipes/decorations/painting": {
    "criteria": {
      "has_wool": "2024-09-15 03:46:25 +0000"
    },
    "done": true
  },
  "minecraft:recipes/decorations/composter": {
    "criteria": {
      "has_spruce_slab": "2024-09-15 03:46:25 +0000"
    },
    "done": true
  },
  "minecraft:recipes/decorations/red_carpet": {
    "criteria": {
      "has_red_wool": "2024-09-15 03:46:25 +0000"
    },
    "done": true
  },
  "tombstone:adventure/cancel_ghostly_shape": {
    "criteria": {
      "coded_trigger": "2024-09-15 03:46:27 +0000"
    },
    "done": true
  },
  "minecraft:recipes/transportation/cherry_boat": {
    "criteria": {
      "in_water": "2024-09-15 03:54:14 +0000"
    },
    "done": true
  },
  "minecraft:recipes/transportation/bamboo_raft": {
    "criteria": {
      "in_water": "2024-09-15 03:54:14 +0000"
    },
    "done": true
  },
  "minecraft:recipes/transportation/acacia_boat": {
    "criteria": {
      "in_water": "2024-09-15 03:54:14 +0000"
    },
    "done": true
  },
  "minecraft:recipes/transportation/jungle_boat": {
    "criteria": {
      "in_water": "2024-09-15 03:54:14 +0000"
    },
    "done": true
  },
  "minecraft:recipes/transportation/spruce_boat": {
    "criteria": {
      "in_water": "2024-09-15 03:54:14 +0000"
    },
    "done": true
  },
  "minecraft:recipes/transportation/birch_boat": {
    "criteria": {
      "in_water": "2024-09-15 03:54:14 +0000"
    },
    "done": true
  },
  "minecraft:recipes/transportation/oak_boat": {
    "criteria": {
      "in_water": "2024-09-15 03:54:14 +0000"
    },
    "done": true
  },
  "minecraft:recipes/transportation/mangrove_boat": {
    "criteria": {
      "in_water": "2024-09-15 03:54:14 +0000"
    },
    "done": true
  },
  "minecraft:recipes/transportation/dark_oak_boat": {
    "criteria": {
      "in_water": "2024-09-15 03:54:14 +0000"
    },
    "done": true
  },
  "securitycraft:recipes/tools/universal_owner_changer": {
    "criteria": {
      "has_name_tag": "2024-09-15 21:35:52 +0000"
    },
    "done": true
  },
  "minecraft:recipes/misc/white_dye": {
    "criteria": {
      "has_bone_meal": "2024-09-15 21:37:39 +0000"
    },
    "done": true
  },
  "minecraft:recipes/building_blocks/bone_block": {
    "criteria": {
      "has_bone_meal": "2024-09-15 21:37:39 +0000"
    },
    "done": true
  },
  "minecraft:story/form_obsidian": {
    "criteria": {
      "obsidian": "2024-09-15 21:44:38 +0000"
    },
    "done": true
  },
  "minecraft:recipes/tools/flint_and_steel": {
    "criteria": {
      "has_obsidian": "2024-09-15 21:44:38 +0000"
    },
    "done": true
  },
  "minecraft:recipes/decorations/enchanting_table": {
    "criteria": {
      "has_obsidian": "2024-09-15 21:44:38 +0000"
    },
    "done": true
  },
  "minecraft:nether/explore_nether": {
    "criteria": {
      "minecraft:nether_wastes": "2024-09-15 21:44:50 +0000"
    },
    "done": false
  },
  "minecraft:story/enter_the_nether": {
    "criteria": {
      "entered_nether": "2024-09-15 21:44:50 +0000"
    },
    "done": true
  },
  "minecraft:nether/root": {
    "criteria": {
      "entered_nether": "2024-09-15 21:44:50 +0000"
    },
    "done": true
  },
  "minecraft:husbandry/root": {
    "criteria": {
      "consumed_item": "2024-09-15 21:58:31 +0000"
    },
    "done": true
  },
  "stoneworks:recipes/building_blocks/cracked_netherrack_bricks_from_netherrack_stonecutting": {
    "criteria": {
      "has_netherrack": "2024-09-15 22:00:05 +0000"
    },
    "done": true
  },
  "stoneworks:recipes/building_blocks/netherrack_brick_stairs_from_netherrack_stonecutting": {
    "criteria": {
      "has_netherrack": "2024-09-15 22:00:05 +0000"
    },
    "done": true
  },
  "stoneworks:recipes/building_blocks/mossy_netherrack_bricks_from_netherrack_stonecutting": {
    "criteria": {
      "has_netherrack": "2024-09-15 22:00:05 +0000"
    },
    "done": true
  },
  "stoneworks:recipes/building_blocks/cobbled_netherrack_from_netherrack_stonecutting": {
    "criteria": {
      "has_netherrack": "2024-09-15 22:00:05 +0000"
    },
    "done": true
  },
  "stoneworks:recipes/building_blocks/polished_netherrack_from_netherrack_stonecutting": {
    "criteria": {
      "has_netherrack": "2024-09-15 22:00:05 +0000"
    },
    "done": true
  },
  "stoneworks:recipes/building_blocks/polished_netherrack_slab_from_netherrack_stonecutting": {
    "criteria": {
      "has_netherrack": "2024-09-15 22:00:05 +0000"
    },
    "done": true
  },
  "stoneworks:recipes/building_blocks/cobbled_netherrack_wall_from_netherrack_stonecutting": {
    "criteria": {
      "has_netherrack": "2024-09-15 22:00:05 +0000"
    },
    "done": true
  },
  "stoneworks:recipes/building_blocks/netherrack_brick_slab_from_netherrack_stonecutting": {
    "criteria": {
      "has_netherrack": "2024-09-15 22:00:05 +0000"
    },
    "done": true
  },
  "stoneworks:recipes/building_blocks/mossy_netherrack_brick_stairs_from_netherrack_stonecutting": {
    "criteria": {
      "has_netherrack": "2024-09-15 22:00:05 +0000"
    },
    "done": true
  },
  "stoneworks:recipes/building_blocks/cobbled_netherrack_stairs_from_netherrack_stonecutting": {
    "criteria": {
      "has_netherrack": "2024-09-15 22:00:05 +0000"
    },
    "done": true
  },
  "minecraft:recipes/misc/nether_brick": {
    "criteria": {
      "has_netherrack": "2024-09-15 22:00:05 +0000"
    },
    "done": true
  },
  "stoneworks:recipes/building_blocks/mossy_cobbled_netherrack_slab_from_netherrack_stonecutting": {
    "criteria": {
      "has_netherrack": "2024-09-15 22:00:05 +0000"
    },
    "done": true
  },
  "stoneworks:recipes/building_blocks/netherrack_brick_wall_from_netherrack_stonecutting": {
    "criteria": {
      "has_netherrack": "2024-09-15 22:00:05 +0000"
    },
    "done": true
  },
  "stoneworks:recipes/building_blocks/mossy_cobbled_netherrack_wall_from_netherrack_stonecutting": {
    "criteria": {
      "has_netherrack": "2024-09-15 22:00:05 +0000"
    },
    "done": true
  },
  "stoneworks:recipes/building_blocks/mossy_netherrack_brick_wall_from_netherrack_stonecutting": {
    "criteria": {
      "has_netherrack": "2024-09-15 22:00:05 +0000"
    },
    "done": true
  },
  "stoneworks:recipes/building_blocks/polished_netherrack_wall_from_netherrack_stonecutting": {
    "criteria": {
      "has_netherrack": "2024-09-15 22:00:05 +0000"
    },
    "done": true
  },
  "stoneworks:recipes/building_blocks/cobbled_netherrack_slab_from_netherrack_stonecutting": {
    "criteria": {
      "has_netherrack": "2024-09-15 22:00:05 +0000"
    },
    "done": true
  },
  "stoneworks:recipes/building_blocks/mossy_netherrack_brick_slab_from_netherrack_stonecutting": {
    "criteria": {
      "has_netherrack": "2024-09-15 22:00:05 +0000"
    },
    "done": true
  },
  "stoneworks:recipes/building_blocks/polished_netherrack_stairs_from_netherrack_stonecutting": {
    "criteria": {
      "has_netherrack": "2024-09-15 22:00:05 +0000"
    },
    "done": true
  },
  "stoneworks:recipes/building_blocks/mossy_cobbled_netherrack_stairs_from_netherrack_stonecutting": {
    "criteria": {
      "has_netherrack": "2024-09-15 22:00:05 +0000"
    },
    "done": true
  },
  "stoneworks:recipes/building_blocks/netherrack_bricks_from_netherrack_stonecutting": {
    "criteria": {
      "has_netherrack": "2024-09-15 22:00:05 +0000"
    },
    "done": true
  },
  "stoneworks:recipes/building_blocks/mossy_cobbled_netherrack_from_netherrack_stonecutting": {
    "criteria": {
      "has_netherrack": "2024-09-15 22:00:05 +0000"
    },
    "done": true
  },
  "connectedglass:recipes/misc/borderless_glass_magenta_pane1": {
    "criteria": {
      "recipe_condition": "2024-09-15 22:10:56 +0000"
    },
    "done": true
  },
  "connectedglass:recipes/misc/borderless_glass_purple_pane1": {
    "criteria": {
      "recipe_condition": "2024-09-15 22:10:57 +0000"
    },
    "done": true
  },
  "stoneworks:recipes/building_blocks/mossy_basalt_brick_slab_from_basalt_stonecutting": {
    "criteria": {
      "has_basalt": "2024-09-15 22:14:20 +0000"
    },
    "done": true
  },
  "stoneworks:recipes/building_blocks/basalt_tile_wall_from_basalt_stonecutting": {
    "criteria": {
      "has_basalt": "2024-09-15 22:14:20 +0000"
    },
    "done": true
  },
  "stoneworks:recipes/building_blocks/basalt_shingle_stairs_from_basalt_stonecutting": {
    "criteria": {
      "has_basalt": "2024-09-15 22:14:20 +0000"
    },
    "done": true
  },
  "stoneworks:recipes/building_blocks/basalt_tile_stairs_from_basalt_stonecutting": {
    "criteria": {
      "has_basalt": "2024-09-15 22:14:20 +0000"
    },
    "done": true
  },
  "minecraft:recipes/building_blocks/smooth_basalt": {
    "criteria": {
      "has_basalt": "2024-09-15 22:14:20 +0000"
    },
    "done": true
  },
  "stoneworks:recipes/building_blocks/basalt_shingles_from_basalt_stonecutting": {
    "criteria": {
      "has_basalt": "2024-09-15 22:14:20 +0000"
    },
    "done": true
  },
  "stoneworks:recipes/building_blocks/basalt_tile_slab_from_basalt_stonecutting": {
    "criteria": {
      "has_basalt": "2024-09-15 22:14:20 +0000"
    },
    "done": true
  },
  "stoneworks:recipes/building_blocks/chiseled_basalt_from_basalt_stonecutting": {
    "criteria": {
      "has_basalt": "2024-09-15 22:14:20 +0000"
    },
    "done": true
  },
  "stoneworks:recipes/building_blocks/basalt_pavers_from_basalt_stonecutting": {
    "criteria": {
      "has_basalt": "2024-09-15 22:14:20 +0000"
    },
    "done": true
  },
  "stoneworks:recipes/building_blocks/cobbled_basalt_slab_from_basalt_stonecutting": {
    "criteria": {
      "has_basalt": "2024-09-15 22:14:20 +0000"
    },
    "done": true
  },
  "stoneworks:recipes/building_blocks/basalt_paver_slab_from_basalt_stonecutting": {
    "criteria": {
      "has_basalt": "2024-09-15 22:14:20 +0000"
    },
    "done": true
  },
  "minecraft:recipes/building_blocks/polished_basalt": {
    "criteria": {
      "has_basalt": "2024-09-15 22:14:20 +0000"
    },
    "done": true
  },
  "stoneworks:recipes/building_blocks/basalt_paver_stairs_from_basalt_stonecutting": {
    "criteria": {
      "has_basalt": "2024-09-15 22:14:20 +0000"
    },
    "done": true
  },
  "stoneworks:recipes/building_blocks/basalt_shingle_slab_from_basalt_stonecutting": {
    "criteria": {
      "has_basalt": "2024-09-15 22:14:20 +0000"
    },
    "done": true
  },
  "stoneworks:recipes/building_blocks/basalt_brick_stairs_from_basalt_stonecutting": {
    "criteria": {
      "has_basalt": "2024-09-15 22:14:20 +0000"
    },
    "done": true
  },
  "stoneworks:recipes/building_blocks/cobbled_basalt_from_basalt_stonecutting": {
    "criteria": {
      "has_basalt": "2024-09-15 22:14:20 +0000"
    },
    "done": true
  },
  "stoneworks:recipes/building_blocks/basalt_tiles_from_basalt_stonecutting": {
    "criteria": {
      "has_basalt": "2024-09-15 22:14:20 +0000"
    },
    "done": true
  },
  "stoneworks:recipes/building_blocks/mossy_basalt_bricks_from_basalt_stonecutting": {
    "criteria": {
      "has_basalt": "2024-09-15 22:14:20 +0000"
    },
    "done": true
  },
  "stoneworks:recipes/building_blocks/basalt_plate_stairs_from_basalt_stonecutting": {
    "criteria": {
      "has_basalt": "2024-09-15 22:14:20 +0000"
    },
    "done": true
  },
  "stoneworks:recipes/building_blocks/basalt_shingle_wall_from_basalt_stonecutting": {
    "criteria": {
      "has_basalt": "2024-09-15 22:14:20 +0000"
    },
    "done": true
  },
  "stoneworks:recipes/building_blocks/basalt_plate_slab_from_basalt_stonecutting": {
    "criteria": {
      "has_basalt": "2024-09-15 22:14:20 +0000"
    },
    "done": true
  },
  "stoneworks:recipes/building_blocks/basalt_brick_slab_from_basalt_stonecutting": {
    "criteria": {
      "has_basalt": "2024-09-15 22:14:20 +0000"
    },
    "done": true
  },
  "stoneworks:recipes/building_blocks/basalt_bricks_from_basalt_stonecutting": {
    "criteria": {
      "has_basalt": "2024-09-15 22:14:20 +0000"
    },
    "done": true
  },
  "stoneworks:recipes/building_blocks/mossy_cobbled_basalt_slab_from_basalt_stonecutting": {
    "criteria": {
      "has_basalt": "2024-09-15 22:14:20 +0000"
    },
    "done": true
  },
  "stoneworks:recipes/building_blocks/mossy_basalt_brick_stairs_from_basalt_stonecutting": {
    "criteria": {
      "has_basalt": "2024-09-15 22:14:20 +0000"
    },
    "done": true
  },
  "stoneworks:recipes/building_blocks/basalt_brick_wall_from_basalt_stonecutting": {
    "criteria": {
      "has_basalt": "2024-09-15 22:14:20 +0000"
    },
    "done": true
  },
  "stoneworks:recipes/building_blocks/basalt_plate_wall_from_basalt_stonecutting": {
    "criteria": {
      "has_basalt": "2024-09-15 22:14:20 +0000"
    },
    "done": true
  },
  "stoneworks:recipes/building_blocks/cracked_basalt_bricks_from_basalt_stonecutting": {
    "criteria": {
      "has_basalt": "2024-09-15 22:14:20 +0000"
    },
    "done": true
  },
  "stoneworks:recipes/building_blocks/cobbled_basalt_stairs_from_basalt_stonecutting": {
    "criteria": {
      "has_basalt": "2024-09-15 22:14:20 +0000"
    },
    "done": true
  },
  "stoneworks:recipes/building_blocks/cobbled_basalt_wall_from_basalt_stonecutting": {
    "criteria": {
      "has_basalt": "2024-09-15 22:14:20 +0000"
    },
    "done": true
  },
  "stoneworks:recipes/building_blocks/basalt_plates_from_basalt_stonecutting": {
    "criteria": {
      "has_basalt": "2024-09-15 22:14:20 +0000"
    },
    "done": true
  },
  "stoneworks:recipes/building_blocks/basalt_paver_wall_from_basalt_stonecutting": {
    "criteria": {
      "has_basalt": "2024-09-15 22:14:20 +0000"
    },
    "done": true
  },
  "stoneworks:recipes/building_blocks/cracked_basalt_tiles_from_basalt_stonecutting": {
    "criteria": {
      "has_basalt": "2024-09-15 22:14:20 +0000"
    },
    "done": true
  },
  "stoneworks:recipes/building_blocks/mossy_cobbled_basalt_stairs_from_basalt_stonecutting": {
    "criteria": {
      "has_basalt": "2024-09-15 22:14:20 +0000"
    },
    "done": true
  },
  "minecraft:recipes/building_blocks/polished_basalt_from_basalt_stonecutting": {
    "criteria": {
      "has_basalt": "2024-09-15 22:14:20 +0000"
    },
    "done": true
  },
  "stoneworks:recipes/building_blocks/mossy_basalt_brick_wall_from_basalt_stonecutting": {
    "criteria": {
      "has_basalt": "2024-09-15 22:14:20 +0000"
    },
    "done": true
  },
  "stoneworks:recipes/building_blocks/mossy_cobbled_basalt_wall_from_basalt_stonecutting": {
    "criteria": {
      "has_basalt": "2024-09-15 22:14:20 +0000"
    },
    "done": true
  },
  "stoneworks:recipes/building_blocks/mossy_cobbled_basalt_from_basalt_stonecutting": {
    "criteria": {
      "has_basalt": "2024-09-15 22:14:20 +0000"
    },
    "done": true
  },
  "minecraft:recipes/building_blocks/deepslate_tile_stairs_from_deepslate_tiles_stonecutting": {
    "criteria": {
      "has_deepslate_tiles": "2024-09-15 22:15:09 +0000"
    },
    "done": true
  },
  "minecraft:recipes/decorations/deepslate_tile_wall_from_deepslate_tiles_stonecutting": {
    "criteria": {
      "has_deepslate_tiles": "2024-09-15 22:15:09 +0000"
    },
    "done": true
  },
  "minecraft:recipes/decorations/deepslate_tile_wall": {
    "criteria": {
      "has_deepslate_tiles": "2024-09-15 22:15:09 +0000"
    },
    "done": true
  },
  "minecraft:recipes/building_blocks/cracked_deepslate_tiles": {
    "criteria": {
      "has_deepslate_tiles": "2024-09-15 22:15:09 +0000"
    },
    "done": true
  },
  "minecraft:recipes/building_blocks/deepslate_tile_slab_from_deepslate_tiles_stonecutting": {
    "criteria": {
      "has_deepslate_tiles": "2024-09-15 22:15:09 +0000"
    },
    "done": true
  },
  "minecraft:recipes/building_blocks/deepslate_tile_stairs": {
    "criteria": {
      "has_deepslate_tiles": "2024-09-15 22:15:09 +0000"
    },
    "done": true
  },
  "minecraft:recipes/building_blocks/deepslate_tile_slab": {
    "criteria": {
      "has_deepslate_tiles": "2024-09-15 22:15:09 +0000"
    },
    "done": true
  },
  "refurbished_furniture:recipes/misc/constructing/purple_stool": {
    "criteria": {
      "has_planks": "2024-09-15 22:24:01 +0000"
    },
    "done": true
  },
  "refurbished_furniture:recipes/misc/constructing/crimson_lattice_fence": {
    "criteria": {
      "has_crimson_planks": "2024-09-15 22:24:01 +0000"
    },
    "done": true
  },
  "refurbished_furniture:recipes/misc/constructing/crimson_kitchen_drawer": {
    "criteria": {
      "has_crimson_planks": "2024-09-15 22:24:01 +0000"
    },
    "done": true
  },
  "refurbished_furniture:recipes/misc/constructing/green_stool": {
    "criteria": {
      "has_planks": "2024-09-15 22:24:01 +0000"
    },
    "done": true
  },
  "refurbished_furniture:recipes/misc/constructing/yellow_lamp": {
    "criteria": {
      "has_planks": "2024-09-15 22:24:01 +0000"
    },
    "done": true
  },
  "decorative_blocks:recipes/building_blocks/crimson_support": {
    "criteria": {
      "has_plank": "2024-09-15 22:24:01 +0000"
    },
    "done": true
  },
  "refurbished_furniture:recipes/misc/constructing/red_lamp": {
    "criteria": {
      "has_planks": "2024-09-15 22:24:01 +0000"
    },
    "done": true
  },
  "refurbished_furniture:recipes/misc/constructing/crimson_storage_cabinet": {
    "criteria": {
      "has_crimson_planks": "2024-09-15 22:24:01 +0000"
    },
    "done": true
  },
  "refurbished_furniture:recipes/misc/constructing/orange_lamp": {
    "criteria": {
      "has_planks": "2024-09-15 22:24:01 +0000"
    },
    "done": true
  },
  "refurbished_furniture:recipes/misc/constructing/crimson_toilet": {
    "criteria": {
      "has_crimson_planks": "2024-09-15 22:24:01 +0000"
    },
    "done": true
  },
  "refurbished_furniture:recipes/misc/constructing/white_lamp": {
    "criteria": {
      "has_planks": "2024-09-15 22:24:01 +0000"
    },
    "done": true
  },
  "refurbished_furniture:recipes/misc/constructing/yellow_sofa": {
    "criteria": {
      "has_planks": "2024-09-15 22:24:01 +0000"
    },
    "done": true
  },
  "refurbished_furniture:recipes/misc/constructing/orange_sofa": {
    "criteria": {
      "has_planks": "2024-09-15 22:24:01 +0000"
    },
    "done": true
  },
  "minecraft:recipes/misc/stick": {
    "criteria": {
      "has_planks": "2024-09-15 22:24:01 +0000"
    },
    "done": true
  },
  "minecraft:recipes/redstone/crimson_pressure_plate": {
    "criteria": {
      "has_planks": "2024-09-15 22:24:01 +0000"
    },
    "done": true
  },
  "variantvanillablocks:recipes/misc/crimson_chest": {
    "criteria": {
      "has_planks": "2024-09-15 22:24:01 +0000"
    },
    "done": true
  },
  "minecraft:recipes/decorations/crimson_sign": {
    "criteria": {
      "has_planks": "2024-09-15 22:24:01 +0000"
    },
    "done": true
  },
  "refurbished_furniture:recipes/misc/constructing/crimson_light_ceiling_fan": {
    "criteria": {
      "has_crimson_planks": "2024-09-15 22:24:01 +0000"
    },
    "done": true
  },
  "refurbished_furniture:recipes/misc/constructing/crimson_basin": {
    "criteria": {
      "has_crimson_planks": "2024-09-15 22:24:01 +0000"
    },
    "done": true
  },
  "refurbished_furniture:recipes/misc/constructing/magenta_stool": {
    "criteria": {
      "has_planks": "2024-09-15 22:24:01 +0000"
    },
    "done": true
  },
  "minecraft:recipes/redstone/crimson_door": {
    "criteria": {
      "has_planks": "2024-09-15 22:24:01 +0000"
    },
    "done": true
  },
  "refurbished_furniture:recipes/misc/constructing/brown_cooler": {
    "criteria": {
      "has_planks": "2024-09-15 22:24:01 +0000"
    },
    "done": true
  },
  "refurbished_furniture:recipes/misc/constructing/crimson_chair": {
    "criteria": {
      "has_crimson_planks": "2024-09-15 22:24:01 +0000"
    },
    "done": true
  },
  "refurbished_furniture:recipes/misc/constructing/purple_cooler": {
    "criteria": {
      "has_planks": "2024-09-15 22:24:01 +0000"
    },
    "done": true
  },
  "refurbished_furniture:recipes/misc/constructing/cyan_cooler": {
    "criteria": {
      "has_planks": "2024-09-15 22:24:01 +0000"
    },
    "done": true
  },
  "refurbished_furniture:recipes/misc/constructing/light_gray_cooler": {
    "criteria": {
      "has_planks": "2024-09-15 22:24:01 +0000"
    },
    "done": true
  },
  "refurbished_furniture:recipes/misc/constructing/red_sofa": {
    "criteria": {
      "has_planks": "2024-09-15 22:24:01 +0000"
    },
    "done": true
  },
  "refurbished_furniture:recipes/misc/constructing/lime_stool": {
    "criteria": {
      "has_planks": "2024-09-15 22:24:01 +0000"
    },
    "done": true
  },
  "variantvanillablocks:recipes/misc/crimson_crafting_table": {
    "criteria": {
      "has_crimson_planks": "2024-09-15 22:24:01 +0000"
    },
    "done": true
  },
  "refurbished_furniture:recipes/misc/constructing/magenta_lamp": {
    "criteria": {
      "has_planks": "2024-09-15 22:24:01 +0000"
    },
    "done": true
  },
  "refurbished_furniture:recipes/misc/constructing/crimson_mail_box": {
    "criteria": {
      "has_crimson_planks": "2024-09-15 22:24:01 +0000"
    },
    "done": true
  },
  "refurbished_furniture:recipes/misc/constructing/crimson_table": {
    "criteria": {
      "has_crimson_planks": "2024-09-15 22:24:01 +0000"
    },
    "done": true
  },
  "refurbished_furniture:recipes/misc/constructing/light_gray_sofa": {
    "criteria": {
      "has_planks": "2024-09-15 22:24:01 +0000"
    },
    "done": true
  },
  "decorative_blocks:recipes/building_blocks/crimson_seat": {
    "criteria": {
      "has_plank": "2024-09-15 22:24:01 +0000"
    },
    "done": true
  },
  "minecraft:recipes/decorations/crimson_fence": {
    "criteria": {
      "has_planks": "2024-09-15 22:24:01 +0000"
    },
    "done": true
  },
  "refurbished_furniture:recipes/misc/constructing/post_box": {
    "criteria": {
      "has_planks": "2024-09-15 22:24:01 +0000"
    },
    "done": true
  },
  "refurbished_furniture:recipes/misc/constructing/green_lamp": {
    "criteria": {
      "has_planks": "2024-09-15 22:24:01 +0000"
    },
    "done": true
  },
  "refurbished_furniture:recipes/misc/constructing/crimson_storage_jar": {
    "criteria": {
      "has_crimson_planks": "2024-09-15 22:24:01 +0000"
    },
    "done": true
  },
  "refurbished_furniture:recipes/misc/constructing/magenta_sofa": {
    "criteria": {
      "has_planks": "2024-09-15 22:24:01 +0000"
    },
    "done": true
  },
  "refurbished_furniture:recipes/misc/constructing/crimson_desk": {
    "criteria": {
      "has_crimson_planks": "2024-09-15 22:24:01 +0000"
    },
    "done": true
  },
  "refurbished_furniture:recipes/misc/constructing/cyan_stool": {
    "criteria": {
      "has_planks": "2024-09-15 22:24:01 +0000"
    },
    "done": true
  },
  "refurbished_furniture:recipes/misc/constructing/crimson_kitchen_storage_cabinet": {
    "criteria": {
      "has_crimson_planks": "2024-09-15 22:24:01 +0000"
    },
    "done": true
  },
  "refurbished_furniture:recipes/misc/constructing/green_sofa": {
    "criteria": {
      "has_planks": "2024-09-15 22:24:01 +0000"
    },
    "done": true
  },
  "refurbished_furniture:recipes/misc/constructing/light_gray_lamp": {
    "criteria": {
      "has_planks": "2024-09-15 22:24:01 +0000"
    },
    "done": true
  },
  "refurbished_furniture:recipes/misc/constructing/blue_stool": {
    "criteria": {
      "has_planks": "2024-09-15 22:24:01 +0000"
    },
    "done": true
  },
  "minecraft:recipes/redstone/crimson_button": {
    "criteria": {
      "has_planks": "2024-09-15 22:24:01 +0000"
    },
    "done": true
  },
  "refurbished_furniture:recipes/misc/constructing/brown_stool": {
    "criteria": {
      "has_planks": "2024-09-15 22:24:01 +0000"
    },
    "done": true
  },
  "refurbished_furniture:recipes/misc/constructing/orange_stool": {
    "criteria": {
      "has_planks": "2024-09-15 22:24:01 +0000"
    },
    "done": true
  },
  "minecraft:recipes/building_blocks/crimson_slab": {
    "criteria": {
      "has_planks": "2024-09-15 22:24:01 +0000"
    },
    "done": true
  },
  "minecraft:recipes/building_blocks/crimson_stairs": {
    "criteria": {
      "has_planks": "2024-09-15 22:24:01 +0000"
    },
    "done": true
  },
  "refurbished_furniture:recipes/misc/constructing/black_cooler": {
    "criteria": {
      "has_planks": "2024-09-15 22:24:01 +0000"
    },
    "done": true
  },
  "refurbished_furniture:recipes/misc/constructing/lime_lamp": {
    "criteria": {
      "has_planks": "2024-09-15 22:24:01 +0000"
    },
    "done": true
  },
  "refurbished_furniture:recipes/misc/constructing/crimson_crate": {
    "criteria": {
      "has_crimson_planks": "2024-09-15 22:24:01 +0000"
    },
    "done": true
  },
  "refurbished_furniture:recipes/misc/constructing/magenta_cooler": {
    "criteria": {
      "has_planks": "2024-09-15 22:24:01 +0000"
    },
    "done": true
  },
  "refurbished_furniture:recipes/misc/constructing/light_blue_cooler": {
    "criteria": {
      "has_planks": "2024-09-15 22:24:01 +0000"
    },
    "done": true
  },
  "refurbished_furniture:recipes/misc/constructing/pink_sofa": {
    "criteria": {
      "has_planks": "2024-09-15 22:24:01 +0000"
    },
    "done": true
  },
  "refurbished_furniture:recipes/misc/constructing/brown_lamp": {
    "criteria": {
      "has_planks": "2024-09-15 22:24:01 +0000"
    },
    "done": true
  },
  "refurbished_furniture:recipes/misc/constructing/crimson_lattice_fence_gate": {
    "criteria": {
      "has_crimson_planks": "2024-09-15 22:24:01 +0000"
    },
    "done": true
  },
  "refurbished_furniture:recipes/misc/constructing/lime_sofa": {
    "criteria": {
      "has_planks": "2024-09-15 22:24:01 +0000"
    },
    "done": true
  },
  "refurbished_furniture:recipes/misc/constructing/red_cooler": {
    "criteria": {
      "has_planks": "2024-09-15 22:24:01 +0000"
    },
    "done": true
  },
  "refurbished_furniture:recipes/misc/constructing/crimson_bath": {
    "criteria": {
      "has_crimson_planks": "2024-09-15 22:24:01 +0000"
    },
    "done": true
  },
  "refurbished_furniture:recipes/misc/constructing/crimson_kitchen_cabinetry": {
    "criteria": {
      "has_crimson_planks": "2024-09-15 22:24:01 +0000"
    },
    "done": true
  },
  "refurbished_furniture:recipes/misc/constructing/green_cooler": {
    "criteria": {
      "has_planks": "2024-09-15 22:24:01 +0000"
    },
    "done": true
  },
  "refurbished_furniture:recipes/misc/workbench": {
    "criteria": {
      "has_planks": "2024-09-15 22:24:01 +0000"
    },
    "done": true
  },
  "refurbished_furniture:recipes/misc/constructing/brown_sofa": {
    "criteria": {
      "has_planks": "2024-09-15 22:24:01 +0000"
    },
    "done": true
  },
  "refurbished_furniture:recipes/misc/constructing/light_blue_lamp": {
    "criteria": {
      "has_planks": "2024-09-15 22:24:01 +0000"
    },
    "done": true
  },
  "minecraft:recipes/redstone/crimson_trapdoor": {
    "criteria": {
      "has_planks": "2024-09-15 22:24:01 +0000"
    },
    "done": true
  },
  "refurbished_furniture:recipes/misc/constructing/blue_sofa": {
    "criteria": {
      "has_planks": "2024-09-15 22:24:01 +0000"
    },
    "done": true
  },
  "refurbished_furniture:recipes/misc/constructing/light_blue_stool": {
    "criteria": {
      "has_planks": "2024-09-15 22:24:01 +0000"
    },
    "done": true
  },
  "refurbished_furniture:recipes/misc/constructing/white_cooler": {
    "criteria": {
      "has_planks": "2024-09-15 22:24:01 +0000"
    },
    "done": true
  },
  "refurbished_furniture:recipes/misc/constructing/blue_lamp": {
    "criteria": {
      "has_planks": "2024-09-15 22:24:01 +0000"
    },
    "done": true
  },
  "refurbished_furniture:recipes/misc/constructing/red_stool": {
    "criteria": {
      "has_planks": "2024-09-15 22:24:01 +0000"
    },
    "done": true
  },
  "refurbished_furniture:recipes/misc/constructing/crimson_kitchen_sink": {
    "criteria": {
      "has_crimson_planks": "2024-09-15 22:24:01 +0000"
    },
    "done": true
  },
  "refurbished_furniture:recipes/misc/constructing/gray_lamp": {
    "criteria": {
      "has_planks": "2024-09-15 22:24:01 +0000"
    },
    "done": true
  },
  "refurbished_furniture:recipes/misc/constructing/light_blue_sofa": {
    "criteria": {
      "has_planks": "2024-09-15 22:24:01 +0000"
    },
    "done": true
  },
  "refurbished_furniture:recipes/misc/constructing/black_sofa": {
    "criteria": {
      "has_planks": "2024-09-15 22:24:01 +0000"
    },
    "done": true
  },
  "refurbished_furniture:recipes/misc/constructing/purple_sofa": {
    "criteria": {
      "has_planks": "2024-09-15 22:24:01 +0000"
    },
    "done": true
  },
  "refurbished_furniture:recipes/misc/constructing/gray_cooler": {
    "criteria": {
      "has_planks": "2024-09-15 22:24:01 +0000"
    },
    "done": true
  },
  "refurbished_furniture:recipes/misc/constructing/light_gray_stool": {
    "criteria": {
      "has_planks": "2024-09-15 22:24:01 +0000"
    },
    "done": true
  },
  "refurbished_furniture:recipes/misc/constructing/white_stool": {
    "criteria": {
      "has_planks": "2024-09-15 22:24:01 +0000"
    },
    "done": true
  },
  "refurbished_furniture:recipes/misc/constructing/yellow_stool": {
    "criteria": {
      "has_planks": "2024-09-15 22:24:01 +0000"
    },
    "done": true
  },
  "refurbished_furniture:recipes/misc/constructing/black_lamp": {
    "criteria": {
      "has_planks": "2024-09-15 22:24:01 +0000"
    },
    "done": true
  },
  "variantvanillablocks:recipes/decorations/crimson_barrel": {
    "criteria": {
      "has_planks": "2024-09-15 22:24:01 +0000"
    },
    "done": true
  },
  "refurbished_furniture:recipes/misc/constructing/crimson_cutting_board": {
    "criteria": {
      "has_crimson_planks": "2024-09-15 22:24:01 +0000"
    },
    "done": true
  },
  "refurbished_furniture:recipes/misc/constructing/crimson_drawer": {
    "criteria": {
      "has_crimson_planks": "2024-09-15 22:24:01 +0000"
    },
    "done": true
  },
  "refurbished_furniture:recipes/misc/constructing/pink_lamp": {
    "criteria": {
      "has_planks": "2024-09-15 22:24:01 +0000"
    },
    "done": true
  },
  "refurbished_furniture:recipes/misc/constructing/lime_cooler": {
    "criteria": {
      "has_planks": "2024-09-15 22:24:01 +0000"
    },
    "done": true
  },
  "refurbished_furniture:recipes/misc/constructing/gray_stool": {
    "criteria": {
      "has_planks": "2024-09-15 22:24:01 +0000"
    },
    "done": true
  },
  "minecraft:recipes/redstone/crimson_fence_gate": {
    "criteria": {
      "has_planks": "2024-09-15 22:24:01 +0000"
    },
    "done": true
  },
  "refurbished_furniture:recipes/misc/constructing/pink_cooler": {
    "criteria": {
      "has_planks": "2024-09-15 22:24:01 +0000"
    },
    "done": true
  },
  "refurbished_furniture:recipes/misc/constructing/white_sofa": {
    "criteria": {
      "has_planks": "2024-09-15 22:24:01 +0000"
    },
    "done": true
  },
  "refurbished_furniture:recipes/misc/constructing/cyan_sofa": {
    "criteria": {
      "has_planks": "2024-09-15 22:24:01 +0000"
    },
    "done": true
  },
  "refurbished_furniture:recipes/misc/constructing/yellow_cooler": {
    "criteria": {
      "has_planks": "2024-09-15 22:24:01 +0000"
    },
    "done": true
  },
  "refurbished_furniture:recipes/misc/constructing/black_stool": {
    "criteria": {
      "has_planks": "2024-09-15 22:24:01 +0000"
    },
    "done": true
  },
  "refurbished_furniture:recipes/misc/constructing/blue_cooler": {
    "criteria": {
      "has_planks": "2024-09-15 22:24:01 +0000"
    },
    "done": true
  },
  "refurbished_furniture:recipes/misc/constructing/orange_cooler": {
    "criteria": {
      "has_planks": "2024-09-15 22:24:01 +0000"
    },
    "done": true
  },
  "refurbished_furniture:recipes/misc/constructing/cyan_lamp": {
    "criteria": {
      "has_planks": "2024-09-15 22:24:01 +0000"
    },
    "done": true
  },
  "refurbished_furniture:recipes/misc/constructing/gray_sofa": {
    "criteria": {
      "has_planks": "2024-09-15 22:24:01 +0000"
    },
    "done": true
  },
  "refurbished_furniture:recipes/misc/constructing/purple_lamp": {
    "criteria": {
      "has_planks": "2024-09-15 22:24:01 +0000"
    },
    "done": true
  },
  "refurbished_furniture:recipes/misc/constructing/pink_stool": {
    "criteria": {
      "has_planks": "2024-09-15 22:24:01 +0000"
    },
    "done": true
  },
  "variantvanillablocks:recipes/decorations/crimson_composter": {
    "criteria": {
      "has_crimson_slab": "2024-09-15 22:24:52 +0000"
    },
    "done": true
  },
  "minecraft:adventure/kill_all_mobs": {
    "criteria": {
      "minecraft:zombified_piglin": "2024-09-15 22:46:40 +0000",
      "minecraft:piglin": "2024-09-15 22:28:30 +0000"
    },
    "done": false
  },
  "minecraft:adventure/root": {
    "criteria": {
      "killed_something": "2024-09-15 22:28:30 +0000"
    },
    "done": true
  },
  "minecraft:adventure/kill_a_mob": {
    "criteria": {
      "minecraft:piglin": "2024-09-15 22:28:30 +0000"
    },
    "done": true
  },
  "minecraft:recipes/decorations/chest": {
    "criteria": {
      "has_lots_of_items": "2024-09-15 22:29:12 +0000"
    },
    "done": true
  },
  "variantvanillablocks:recipes/misc/chest": {
    "criteria": {
      "has_the_recipe": "2024-09-15 22:29:12 +0000"
    },
    "done": true
  },
  "securitycraft:recipes/building_blocks/reinforced_granite": {
    "criteria": {
      "has_quartz": "2024-09-15 22:41:25 +0000"
    },
    "done": true
  },
  "minecraft:recipes/building_blocks/diorite": {
    "criteria": {
      "has_quartz": "2024-09-15 22:41:25 +0000"
    },
    "done": true
  },
  "minecraft:recipes/building_blocks/granite": {
    "criteria": {
      "has_quartz": "2024-09-15 22:41:25 +0000"
    },
    "done": true
  },
  "minecraft:recipes/building_blocks/quartz_block": {
    "criteria": {
      "has_quartz": "2024-09-15 22:41:25 +0000"
    },
    "done": true
  },
  "minecraft:recipes/redstone/comparator": {
    "criteria": {
      "has_quartz": "2024-09-15 22:41:25 +0000"
    },
    "done": true
  },
  "securitycraft:recipes/redstone/reinforced_observer": {
    "criteria": {
      "has_quartz": "2024-09-15 22:41:25 +0000"
    },
    "done": true
  },
  "minecraft:recipes/redstone/daylight_detector": {
    "criteria": {
      "has_quartz": "2024-09-15 22:41:25 +0000"
    },
    "done": true
  },
  "minecraft:recipes/redstone/observer": {
    "criteria": {
      "has_quartz": "2024-09-15 22:41:25 +0000"
    },
    "done": true
  },
  "tombstone:adventure/first_knowledge": {
    "criteria": {
      "coded_trigger": "2024-09-15 22:45:58 +0000"
    },
    "done": true
  },
  "tombstone:adventure/strong_or_careful": {
    "criteria": {
      "coded_trigger": "2024-09-15 22:45:58 +0000"
    },
    "done": true
  },
  "refurbished_furniture:recipes/misc/slicing/brown_dye_from_rotten_flesh": {
    "criteria": {
      "has_rotten_flesh": "2024-09-15 22:46:41 +0000"
    },
    "done": true
  },
  "minecraft:story/obtain_armor": {
    "criteria": {
      "iron_helmet": "2024-09-15 22:50:48 +0000"
    },
    "done": true
  },
  "minecraft:recipes/misc/iron_nugget_from_smelting": {
    "criteria": {
      "has_iron_helmet": "2024-09-15 22:50:48 +0000"
    },
    "done": true
  },
  "minecraft:recipes/misc/iron_nugget_from_blasting": {
    "criteria": {
      "has_iron_helmet": "2024-09-15 22:50:48 +0000"
    },
    "done": true
  },
  "minecraft:recipes/misc/gold_nugget_from_blasting": {
    "criteria": {
      "has_golden_sword": "2024-09-15 22:50:49 +0000"
    },
    "done": true
  },
  "minecraft:recipes/misc/gold_nugget_from_smelting": {
    "criteria": {
      "has_golden_sword": "2024-09-15 22:50:49 +0000"
    },
    "done": true
  },
  "tombstone:adventure/chain_death": {
    "criteria": {
      "coded_trigger": "2024-09-15 22:52:39 +0000"
    },
    "done": true
  },
  "refurbished_furniture:recipes/misc/constructing/cherry_hedge": {
    "criteria": {
      "has_cherry_leaves": "2024-09-15 22:57:42 +0000"
    },
    "done": true
  },
  "minecraft:recipes/misc/lime_dye_from_smelting": {
    "criteria": {
      "has_sea_pickle": "2024-09-15 23:07:26 +0000"
    },
    "done": true
  },
  "refurbished_furniture:recipes/misc/slicing/green_dye_from_lily_pad": {
    "criteria": {
      "has_lily_pad": "2024-09-15 23:07:46 +0000"
    },
    "done": true
  },
  "decorative_blocks:recipes/building_blocks/spruce_palisade": {
    "criteria": {
      "has_log": "2024-09-15 23:09:10 +0000"
    },
    "done": true
  },
  "minecraft:recipes/misc/charcoal": {
    "criteria": {
      "has_log": "2024-09-15 23:09:10 +0000"
    },
    "done": true
  },
  "securitycraft:recipes/misc/sc_manual": {
    "criteria": {
      "has_wood": "2024-09-15 23:09:10 +0000"
    },
    "done": true
  },
  "minecraft:recipes/building_blocks/spruce_wood": {
    "criteria": {
      "has_log": "2024-09-15 23:09:10 +0000"
    },
    "done": true
  },
  "minecraft:recipes/building_blocks/spruce_planks": {
    "criteria": {
      "has_logs": "2024-09-15 23:09:10 +0000"
    },
    "done": true
  },
  "minecraft:recipes/transportation/spruce_chest_boat": {
    "criteria": {
      "has_boat": "2024-09-15 23:09:19 +0000"
    },
    "done": true
  },
  "variantvanillablocks:recipes/transportation/birch_chest_boat": {
    "criteria": {
      "has_boat": "2024-09-15 23:09:19 +0000"
    },
    "done": true
  },
  "minecraft:recipes/transportation/jungle_chest_boat": {
    "criteria": {
      "has_boat": "2024-09-15 23:09:19 +0000",
      "has_the_recipe": "2024-09-15 23:09:19 +0000"
    },
    "done": true
  },
  "minecraft:recipes/transportation/mangrove_chest_boat": {
    "criteria": {
      "has_boat": "2024-09-15 23:09:19 +0000"
    },
    "done": true
  },
  "minecraft:recipes/transportation/oak_chest_boat": {
    "criteria": {
      "has_boat": "2024-09-15 23:09:19 +0000",
      "has_the_recipe": "2024-09-15 23:09:19 +0000"
    },
    "done": true
  },
  "minecraft:recipes/transportation/bamboo_chest_raft": {
    "criteria": {
      "has_boat": "2024-09-15 23:09:19 +0000"
    },
    "done": true
  },
  "variantvanillablocks:recipes/transportation/mangrove_chest_boat": {
    "criteria": {
      "has_boat": "2024-09-15 23:09:19 +0000",
      "has_the_recipe": "2024-09-15 23:09:19 +0000"
    },
    "done": true
  },
  "variantvanillablocks:recipes/transportation/cherry_chest_boat": {
    "criteria": {
      "has_boat": "2024-09-15 23:09:19 +0000"
    },
    "done": true
  },
  "variantvanillablocks:recipes/transportation/spruce_chest_boat": {
    "criteria": {
      "has_boat": "2024-09-15 23:09:19 +0000",
      "has_the_recipe": "2024-09-15 23:09:19 +0000"
    },
    "done": true
  },
  "variantvanillablocks:recipes/transportation/jungle_chest_boat": {
    "criteria": {
      "has_boat": "2024-09-15 23:09:19 +0000"
    },
    "done": true
  },
  "minecraft:recipes/transportation/acacia_chest_boat": {
    "criteria": {
      "has_boat": "2024-09-15 23:09:19 +0000",
      "has_the_recipe": "2024-09-15 23:09:19 +0000"
    },
    "done": true
  },
  "variantvanillablocks:recipes/transportation/dark_oak_chest_boat": {
    "criteria": {
      "has_boat": "2024-09-15 23:09:19 +0000",
      "has_the_recipe": "2024-09-15 23:09:19 +0000"
    },
    "done": true
  },
  "minecraft:recipes/transportation/cherry_chest_boat": {
    "criteria": {
      "has_boat": "2024-09-15 23:09:19 +0000",
      "has_the_recipe": "2024-09-15 23:09:19 +0000"
    },
    "done": true
  },
  "minecraft:recipes/transportation/birch_chest_boat": {
    "criteria": {
      "has_boat": "2024-09-15 23:09:19 +0000",
      "has_the_recipe": "2024-09-15 23:09:19 +0000"
    },
    "done": true
  },
  "minecraft:recipes/transportation/dark_oak_chest_boat": {
    "criteria": {
      "has_boat": "2024-09-15 23:09:19 +0000"
    },
    "done": true
  },
  "variantvanillablocks:recipes/transportation/acacia_chest_boat": {
    "criteria": {
      "has_boat": "2024-09-15 23:09:19 +0000"
    },
    "done": true
  },
  "variantvanillablocks:recipes/transportation/oak_chest_boat": {
    "criteria": {
      "has_boat": "2024-09-15 23:09:19 +0000"
    },
    "done": true
  },
  "variantvanillablocks:recipes/transportation/bamboo_chest_raft": {
    "criteria": {
      "has_boat": "2024-09-15 23:09:19 +0000",
      "has_the_recipe": "2024-09-15 23:09:19 +0000"
    },
    "done": true
  },
  "decorative_blocks:recipes/building_blocks/rocky_dirt": {
    "criteria": {
      "has_dirt": "2024-09-15 23:11:22 +0000"
    },
    "done": true
  },
  "minecraft:recipes/building_blocks/stone_bricks": {
    "criteria": {
      "has_stone": "2024-09-15 23:48:47 +0000"
    },
    "done": true
  },
  "stoneworks:recipes/building_blocks/stone_pavers_from_stone_stonecutting": {
    "criteria": {
      "has_stone": "2024-09-15 23:48:47 +0000"
    },
    "done": true
  },
  "minecraft:recipes/building_blocks/stone_bricks_from_stone_stonecutting": {
    "criteria": {
      "has_stone": "2024-09-15 23:48:47 +0000"
    },
    "done": true
  },
  "minecraft:recipes/building_blocks/stone_slab": {
    "criteria": {
      "has_stone": "2024-09-15 23:48:47 +0000"
    },
    "done": true
  },
  "stoneworks:recipes/building_blocks/stone_tile_stairs_from_stone_stonecutting": {
    "criteria": {
      "has_stone": "2024-09-15 23:48:47 +0000"
    },
    "done": true
  },
  "minecraft:recipes/building_blocks/stone_stairs_from_stone_stonecutting": {
    "criteria": {
      "has_stone": "2024-09-15 23:48:47 +0000"
    },
    "done": true
  },
  "minecraft:recipes/redstone/stone_button": {
    "criteria": {
      "has_stone": "2024-09-15 23:48:47 +0000"
    },
    "done": true
  },
  "stoneworks:recipes/building_blocks/stone_paver_stairs_from_stone_stonecutting": {
    "criteria": {
      "has_stone": "2024-09-15 23:48:47 +0000"
    },
    "done": true
  },
  "minecraft:recipes/redstone/stone_pressure_plate": {
    "criteria": {
      "has_stone": "2024-09-15 23:48:47 +0000"
    },
    "done": true
  },
  "stoneworks:recipes/building_blocks/stone_shingle_wall_from_stone_stonecutting": {
    "criteria": {
      "has_stone": "2024-09-15 23:48:47 +0000"
    },
    "done": true
  },
  "stoneworks:recipes/building_blocks/stone_tile_slab_from_stone_stonecutting": {
    "criteria": {
      "has_stone": "2024-09-15 23:48:47 +0000"
    },
    "done": true
  },
  "stoneworks:recipes/building_blocks/stone_tile_wall_from_stone_stonecutting": {
    "criteria": {
      "has_stone": "2024-09-15 23:48:47 +0000"
    },
    "done": true
  },
  "refurbished_furniture:recipes/misc/constructing/stone_stepping_stones": {
    "criteria": {
      "has_stone": "2024-09-15 23:48:47 +0000"
    },
    "done": true
  },
  "stoneworks:recipes/building_blocks/stone_paver_slab_from_stone_stonecutting": {
    "criteria": {
      "has_stone": "2024-09-15 23:48:47 +0000"
    },
    "done": true
  },
  "minecraft:recipes/building_blocks/stone_stairs": {
    "criteria": {
      "has_stone": "2024-09-15 23:48:47 +0000"
    },
    "done": true
  },
  "stoneworks:recipes/building_blocks/stone_plates_from_stone_stonecutting": {
    "criteria": {
      "has_stone": "2024-09-15 23:48:47 +0000"
    },
    "done": true
  },
  "stoneworks:recipes/building_blocks/stone_shingle_slab_from_stone_stonecutting": {
    "criteria": {
      "has_stone": "2024-09-15 23:48:47 +0000"
    },
    "done": true
  },
  "stoneworks:recipes/building_blocks/stone_shingles_from_stone_stonecutting": {
    "criteria": {
      "has_stone": "2024-09-15 23:48:47 +0000"
    },
    "done": true
  },
  "stoneworks:recipes/building_blocks/stone_paver_wall_from_stone_stonecutting": {
    "criteria": {
      "has_stone": "2024-09-15 23:48:47 +0000"
    },
    "done": true
  },
  "minecraft:recipes/decorations/stonecutter": {
    "criteria": {
      "has_stone": "2024-09-15 23:48:47 +0000"
    },
    "done": true
  },
  "stoneworks:recipes/building_blocks/stone_pillar_from_stone_stonecutting": {
    "criteria": {
      "has_stone": "2024-09-15 23:48:47 +0000"
    },
    "done": true
  },
  "minecraft:recipes/building_blocks/smooth_stone": {
    "criteria": {
      "has_stone": "2024-09-15 23:48:47 +0000"
    },
    "done": true
  },
  "minecraft:recipes/decorations/stone_brick_walls_from_stone_stonecutting": {
    "criteria": {
      "has_stone": "2024-09-15 23:48:47 +0000"
    },
    "done": true
  },
  "minecraft:recipes/building_blocks/stone_brick_slab_from_stone_stonecutting": {
    "criteria": {
      "has_stone": "2024-09-15 23:48:47 +0000"
    },
    "done": true
  },
  "minecraft:recipes/building_blocks/stone_brick_stairs_from_stone_stonecutting": {
    "criteria": {
      "has_stone": "2024-09-15 23:48:47 +0000"
    },
    "done": true
  },
  "stoneworks:recipes/building_blocks/stone_shingle_stairs_from_stone_stonecutting": {
    "criteria": {
      "has_stone": "2024-09-15 23:48:47 +0000"
    },
    "done": true
  },
  "minecraft:recipes/building_blocks/stone_slab_from_stone_stonecutting": {
    "criteria": {
      "has_stone": "2024-09-15 23:48:47 +0000"
    },
    "done": true
  },
  "stoneworks:recipes/building_blocks/cracked_stone_tiles_from_stone_stonecutting": {
    "criteria": {
      "has_stone": "2024-09-15 23:48:47 +0000"
    },
    "done": true
  },
  "minecraft:recipes/building_blocks/chiseled_stone_bricks_stone_from_stonecutting": {
    "criteria": {
      "has_stone": "2024-09-15 23:48:47 +0000"
    },
    "done": true
  },
  "stoneworks:recipes/building_blocks/stone_tiles_from_stone_stonecutting": {
    "criteria": {
      "has_stone": "2024-09-15 23:48:47 +0000"
    },
    "done": true
  },
  "stoneworks:recipes/building_blocks/stone_plate_slab_from_stone_stonecutting": {
    "criteria": {
      "has_stone": "2024-09-15 23:48:47 +0000"
    },
    "done": true
  },
  "stoneworks:recipes/building_blocks/stone_plate_stairs_from_stone_stonecutting": {
    "criteria": {
      "has_stone": "2024-09-15 23:48:47 +0000"
    },
    "done": true
  },
  "decorative_blocks:recipes/building_blocks/stone_pillar": {
    "criteria": {
      "has_stone": "2024-09-15 23:48:47 +0000"
    },
    "done": true
  },
  "stoneworks:recipes/building_blocks/stone_plate_wall_from_stone_stonecutting": {
    "criteria": {
      "has_stone": "2024-09-15 23:48:47 +0000"
    },
    "done": true
  },
  "DataVersion": 3465
}