{
  "minecraft:recipes/decorations/crafting_table": {
    "criteria": {
      "unlock_right_away": "2024-09-15 03:17:06 +0000"
    },
    "done": true
  },
  "variantvanillablocks:recipes/misc/crafting_table": {
    "criteria": {
      "has_the_recipe": "2024-09-15 03:17:06 +0000"
    },
    "done": true
  },
  "tombstone:adventure/root": {
    "criteria": {
      "auto": "2024-09-15 03:17:07 +0000"
    },
    "done": true
  },
  "minecraft:adventure/adventuring_time": {
    "criteria": {
      "minecraft:cherry_grove": "2024-09-15 03:20:51 +0000",
      "minecraft:river": "2024-09-15 03:18:45 +0000",
      "minecraft:forest": "2024-09-15 03:18:30 +0000",
      "minecraft:plains": "2024-09-15 03:17:07 +0000"
    },
    "done": false
  },
  "variantvanillablocks:recipes/decorations/barrel": {
    "criteria": {
      "has_the_recipe": "2024-09-15 03:46:25 +0000"
    },
    "done": true
  },
  "variantvanillablocks:recipes/decorations/composter": {
    "criteria": {
      "has_the_recipe": "2024-09-15 03:46:25 +0000"
    },
    "done": true
  },
  "minecraft:recipes/decorations/red_banner": {
    "criteria": {
      "has_red_wool": "2024-09-15 03:46:25 +0000"
    },
    "done": true
  },
  "minecraft:recipes/decorations/barrel": {
    "criteria": {
      "has_spruce_planks": "2024-09-15 03:46:25 +0000",
      "has_spruce_slab": "2024-09-15 03:46:25 +0000"
    },
    "done": true
  },
  "minecraft:recipes/decorations/red_bed": {
    "criteria": {
      "has_red_wool": "2024-09-15 03:46:25 +0000"
    },
    "done": true
  },
  "minecraft:recipes/decorations/painting": {
    "criteria": {
      "has_wool": "2024-09-15 03:46:25 +0000"
    },
    "done": true
  },
  "minecraft:recipes/decorations/composter": {
    "criteria": {
      "has_spruce_slab": "2024-09-15 03:46:25 +0000"
    },
    "done": true
  },
  "minecraft:recipes/decorations/red_carpet": {
    "criteria": {
      "has_red_wool": "2024-09-15 03:46:25 +0000"
    },
    "done": true
  },
  "tombstone:adventure/cancel_ghostly_shape": {
    "criteria": {
      "coded_trigger": "2024-09-15 03:46:27 +0000"
    },
    "done": true
  },
  "minecraft:recipes/transportation/cherry_boat": {
    "criteria": {
      "in_water": "2024-09-15 03:54:14 +0000"
    },
    "done": true
  },
  "minecraft:recipes/transportation/bamboo_raft": {
    "criteria": {
      "in_water": "2024-09-15 03:54:14 +0000"
    },
    "done": true
  },
  "minecraft:recipes/transportation/acacia_boat": {
    "criteria": {
      "in_water": "2024-09-15 03:54:14 +0000"
    },
    "done": true
  },
  "minecraft:recipes/transportation/jungle_boat": {
    "criteria": {
      "in_water": "2024-09-15 03:54:14 +0000"
    },
    "done": true
  },
  "minecraft:recipes/transportation/spruce_boat": {
    "criteria": {
      "in_water": "2024-09-15 03:54:14 +0000"
    },
    "done": true
  },
  "minecraft:recipes/transportation/birch_boat": {
    "criteria": {
      "in_water": "2024-09-15 03:54:14 +0000"
    },
    "done": true
  },
  "minecraft:recipes/transportation/oak_boat": {
    "criteria": {
      "in_water": "2024-09-15 03:54:14 +0000"
    },
    "done": true
  },
  "minecraft:recipes/transportation/mangrove_boat": {
    "criteria": {
      "in_water": "2024-09-15 03:54:14 +0000"
    },
    "done": true
  },
  "minecraft:recipes/transportation/dark_oak_boat": {
    "criteria": {
      "in_water": "2024-09-15 03:54:14 +0000"
    },
    "done": true
  },
  "stoneworks:recipes/building_blocks/mossy_basalt_brick_slab_from_basalt_stonecutting": {
    "criteria": {
      "has_basalt": "2024-09-15 22:14:20 +0000"
    },
    "done": true
  },
  "minecraft:recipes/building_blocks/deepslate_tile_stairs_from_deepslate_tiles_stonecutting": {
    "criteria": {
      "has_deepslate_tiles": "2024-09-15 22:15:09 +0000"
    },
    "done": true
  },
  "connectedglass:recipes/misc/borderless_glass_magenta_pane1": {
    "criteria": {
      "recipe_condition": "2024-09-15 22:10:56 +0000"
    },
    "done": true
  },
  "stoneworks:recipes/building_blocks/basalt_tile_wall_from_basalt_stonecutting": {
    "criteria": {
      "has_basalt": "2024-09-15 22:14:20 +0000"
    },
    "done": true
  },
  "minecraft:recipes/decorations/deepslate_tile_wall_from_deepslate_tiles_stonecutting": {
    "criteria": {
      "has_deepslate_tiles": "2024-09-15 22:15:09 +0000"
    },
    "done": true
  },
  "minecraft:nether/explore_nether": {
    "criteria": {
      "minecraft:nether_wastes": "2024-09-15 21:44:50 +0000"
    },
    "done": false
  },
  "minecraft:recipes/misc/white_dye": {
    "criteria": {
      "has_bone_meal": "2024-09-15 21:37:39 +0000"
    },
    "done": true
  },
  "stoneworks:recipes/building_blocks/cracked_netherrack_bricks_from_netherrack_stonecutting": {
    "criteria": {
      "has_netherrack": "2024-09-15 22:00:05 +0000"
    },
    "done": true
  },
  "stoneworks:recipes/building_blocks/basalt_shingle_stairs_from_basalt_stonecutting": {
    "criteria": {
      "has_basalt": "2024-09-15 22:14:20 +0000"
    },
    "done": true
  },
  "stoneworks:recipes/building_blocks/netherrack_brick_stairs_from_netherrack_stonecutting": {
    "criteria": {
      "has_netherrack": "2024-09-15 22:00:05 +0000"
    },
    "done": true
  },
  "minecraft:recipes/decorations/deepslate_tile_wall": {
    "criteria": {
      "has_deepslate_tiles": "2024-09-15 22:15:09 +0000"
    },
    "done": true
  },
  "stoneworks:recipes/building_blocks/mossy_netherrack_bricks_from_netherrack_stonecutting": {
    "criteria": {
      "has_netherrack": "2024-09-15 22:00:05 +0000"
    },
    "done": true
  },
  "stoneworks:recipes/building_blocks/basalt_tile_stairs_from_basalt_stonecutting": {
    "criteria": {
      "has_basalt": "2024-09-15 22:14:20 +0000"
    },
    "done": true
  },
  "stoneworks:recipes/building_blocks/cobbled_netherrack_from_netherrack_stonecutting": {
    "criteria": {
      "has_netherrack": "2024-09-15 22:00:05 +0000"
    },
    "done": true
  },
  "minecraft:recipes/building_blocks/smooth_basalt": {
    "criteria": {
      "has_basalt": "2024-09-15 22:14:20 +0000"
    },
    "done": true
  },
  "stoneworks:recipes/building_blocks/polished_netherrack_from_netherrack_stonecutting": {
    "criteria": {
      "has_netherrack": "2024-09-15 22:00:05 +0000"
    },
    "done": true
  },
  "stoneworks:recipes/building_blocks/polished_netherrack_slab_from_netherrack_stonecutting": {
    "criteria": {
      "has_netherrack": "2024-09-15 22:00:05 +0000"
    },
    "done": true
  },
  "stoneworks:recipes/building_blocks/basalt_shingles_from_basalt_stonecutting": {
    "criteria": {
      "has_basalt": "2024-09-15 22:14:20 +0000"
    },
    "done": true
  },
  "stoneworks:recipes/building_blocks/cobbled_netherrack_wall_from_netherrack_stonecutting": {
    "criteria": {
      "has_netherrack": "2024-09-15 22:00:05 +0000"
    },
    "done": true
  },
  "stoneworks:recipes/building_blocks/netherrack_brick_slab_from_netherrack_stonecutting": {
    "criteria": {
      "has_netherrack": "2024-09-15 22:00:05 +0000"
    },
    "done": true
  },
  "minecraft:story/form_obsidian": {
    "criteria": {
      "obsidian": "2024-09-15 21:44:38 +0000"
    },
    "done": true
  },
  "stoneworks:recipes/building_blocks/basalt_tile_slab_from_basalt_stonecutting": {
    "criteria": {
      "has_basalt": "2024-09-15 22:14:20 +0000"
    },
    "done": true
  },
  "stoneworks:recipes/building_blocks/mossy_netherrack_brick_stairs_from_netherrack_stonecutting": {
    "criteria": {
      "has_netherrack": "2024-09-15 22:00:05 +0000"
    },
    "done": true
  },
  "stoneworks:recipes/building_blocks/chiseled_basalt_from_basalt_stonecutting": {
    "criteria": {
      "has_basalt": "2024-09-15 22:14:20 +0000"
    },
    "done": true
  },
  "stoneworks:recipes/building_blocks/basalt_pavers_from_basalt_stonecutting": {
    "criteria": {
      "has_basalt": "2024-09-15 22:14:20 +0000"
    },
    "done": true
  },
  "stoneworks:recipes/building_blocks/cobbled_basalt_slab_from_basalt_stonecutting": {
    "criteria": {
      "has_basalt": "2024-09-15 22:14:20 +0000"
    },
    "done": true
  },
  "stoneworks:recipes/building_blocks/cobbled_netherrack_stairs_from_netherrack_stonecutting": {
    "criteria": {
      "has_netherrack": "2024-09-15 22:00:05 +0000"
    },
    "done": true
  },
  "stoneworks:recipes/building_blocks/basalt_paver_slab_from_basalt_stonecutting": {
    "criteria": {
      "has_basalt": "2024-09-15 22:14:20 +0000"
    },
    "done": true
  },
  "minecraft:recipes/misc/nether_brick": {
    "criteria": {
      "has_netherrack": "2024-09-15 22:00:05 +0000"
    },
    "done": true
  },
  "minecraft:recipes/building_blocks/polished_basalt": {
    "criteria": {
      "has_basalt": "2024-09-15 22:14:20 +0000"
    },
    "done": true
  },
  "stoneworks:recipes/building_blocks/mossy_cobbled_netherrack_slab_from_netherrack_stonecutting": {
    "criteria": {
      "has_netherrack": "2024-09-15 22:00:05 +0000"
    },
    "done": true
  },
  "stoneworks:recipes/building_blocks/basalt_paver_stairs_from_basalt_stonecutting": {
    "criteria": {
      "has_basalt": "2024-09-15 22:14:20 +0000"
    },
    "done": true
  },
  "minecraft:recipes/building_blocks/bone_block": {
    "criteria": {
      "has_bone_meal": "2024-09-15 21:37:39 +0000"
    },
    "done": true
  },
  "stoneworks:recipes/building_blocks/basalt_shingle_slab_from_basalt_stonecutting": {
    "criteria": {
      "has_basalt": "2024-09-15 22:14:20 +0000"
    },
    "done": true
  },
  "stoneworks:recipes/building_blocks/basalt_brick_stairs_from_basalt_stonecutting": {
    "criteria": {
      "has_basalt": "2024-09-15 22:14:20 +0000"
    },
    "done": true
  },
  "stoneworks:recipes/building_blocks/cobbled_basalt_from_basalt_stonecutting": {
    "criteria": {
      "has_basalt": "2024-09-15 22:14:20 +0000"
    },
    "done": true
  },
  "stoneworks:recipes/building_blocks/netherrack_brick_wall_from_netherrack_stonecutting": {
    "criteria": {
      "has_netherrack": "2024-09-15 22:00:05 +0000"
    },
    "done": true
  },
  "stoneworks:recipes/building_blocks/mossy_cobbled_netherrack_wall_from_netherrack_stonecutting": {
    "criteria": {
      "has_netherrack": "2024-09-15 22:00:05 +0000"
    },
    "done": true
  },
  "stoneworks:recipes/building_blocks/basalt_tiles_from_basalt_stonecutting": {
    "criteria": {
      "has_basalt": "2024-09-15 22:14:20 +0000"
    },
    "done": true
  },
  "stoneworks:recipes/building_blocks/mossy_basalt_bricks_from_basalt_stonecutting": {
    "criteria": {
      "has_basalt": "2024-09-15 22:14:20 +0000"
    },
    "done": true
  },
  "stoneworks:recipes/building_blocks/mossy_netherrack_brick_wall_from_netherrack_stonecutting": {
    "criteria": {
      "has_netherrack": "2024-09-15 22:00:05 +0000"
    },
    "done": true
  },
  "stoneworks:recipes/building_blocks/basalt_plate_stairs_from_basalt_stonecutting": {
    "criteria": {
      "has_basalt": "2024-09-15 22:14:20 +0000"
    },
    "done": true
  },
  "stoneworks:recipes/building_blocks/basalt_shingle_wall_from_basalt_stonecutting": {
    "criteria": {
      "has_basalt": "2024-09-15 22:14:20 +0000"
    },
    "done": true
  },
  "minecraft:story/enter_the_nether": {
    "criteria": {
      "entered_nether": "2024-09-15 21:44:50 +0000"
    },
    "done": true
  },
  "stoneworks:recipes/building_blocks/basalt_plate_slab_from_basalt_stonecutting": {
    "criteria": {
      "has_basalt": "2024-09-15 22:14:20 +0000"
    },
    "done": true
  },
  "stoneworks:recipes/building_blocks/basalt_brick_slab_from_basalt_stonecutting": {
    "criteria": {
      "has_basalt": "2024-09-15 22:14:20 +0000"
    },
    "done": true
  },
  "stoneworks:recipes/building_blocks/basalt_bricks_from_basalt_stonecutting": {
    "criteria": {
      "has_basalt": "2024-09-15 22:14:20 +0000"
    },
    "done": true
  },
  "stoneworks:recipes/building_blocks/mossy_cobbled_basalt_slab_from_basalt_stonecutting": {
    "criteria": {
      "has_basalt": "2024-09-15 22:14:20 +0000"
    },
    "done": true
  },
  "stoneworks:recipes/building_blocks/polished_netherrack_wall_from_netherrack_stonecutting": {
    "criteria": {
      "has_netherrack": "2024-09-15 22:00:05 +0000"
    },
    "done": true
  },
  "stoneworks:recipes/building_blocks/mossy_basalt_brick_stairs_from_basalt_stonecutting": {
    "criteria": {
      "has_basalt": "2024-09-15 22:14:20 +0000"
    },
    "done": true
  },
  "stoneworks:recipes/building_blocks/basalt_brick_wall_from_basalt_stonecutting": {
    "criteria": {
      "has_basalt": "2024-09-15 22:14:20 +0000"
    },
    "done": true
  },
  "stoneworks:recipes/building_blocks/basalt_plate_wall_from_basalt_stonecutting": {
    "criteria": {
      "has_basalt": "2024-09-15 22:14:20 +0000"
    },
    "done": true
  },
  "minecraft:husbandry/root": {
    "criteria": {
      "consumed_item": "2024-09-15 21:58:31 +0000"
    },
    "done": true
  },
  "stoneworks:recipes/building_blocks/cobbled_netherrack_slab_from_netherrack_stonecutting": {
    "criteria": {
      "has_netherrack": "2024-09-15 22:00:05 +0000"
    },
    "done": true
  },
  "connectedglass:recipes/misc/borderless_glass_purple_pane1": {
    "criteria": {
      "recipe_condition": "2024-09-15 22:10:57 +0000"
    },
    "done": true
  },
  "stoneworks:recipes/building_blocks/cracked_basalt_bricks_from_basalt_stonecutting": {
    "criteria": {
      "has_basalt": "2024-09-15 22:14:20 +0000"
    },
    "done": true
  },
  "minecraft:recipes/building_blocks/cracked_deepslate_tiles": {
    "criteria": {
      "has_deepslate_tiles": "2024-09-15 22:15:09 +0000"
    },
    "done": true
  },
  "stoneworks:recipes/building_blocks/mossy_netherrack_brick_slab_from_netherrack_stonecutting": {
    "criteria": {
      "has_netherrack": "2024-09-15 22:00:05 +0000"
    },
    "done": true
  },
  "stoneworks:recipes/building_blocks/cobbled_basalt_stairs_from_basalt_stonecutting": {
    "criteria": {
      "has_basalt": "2024-09-15 22:14:20 +0000"
    },
    "done": true
  },
  "minecraft:recipes/building_blocks/deepslate_tile_slab_from_deepslate_tiles_stonecutting": {
    "criteria": {
      "has_deepslate_tiles": "2024-09-15 22:15:09 +0000"
    },
    "done": true
  },
  "stoneworks:recipes/building_blocks/cobbled_basalt_wall_from_basalt_stonecutting": {
    "criteria": {
      "has_basalt": "2024-09-15 22:14:20 +0000"
    },
    "done": true
  },
  "stoneworks:recipes/building_blocks/polished_netherrack_stairs_from_netherrack_stonecutting": {
    "criteria": {
      "has_netherrack": "2024-09-15 22:00:05 +0000"
    },
    "done": true
  },
  "minecraft:recipes/building_blocks/deepslate_tile_stairs": {
    "criteria": {
      "has_deepslate_tiles": "2024-09-15 22:15:09 +0000"
    },
    "done": true
  },
  "minecraft:nether/root": {
    "criteria": {
      "entered_nether": "2024-09-15 21:44:50 +0000"
    },
    "done": true
  },
  "minecraft:recipes/tools/flint_and_steel": {
    "criteria": {
      "has_obsidian": "2024-09-15 21:44:38 +0000"
    },
    "done": true
  },
  "stoneworks:recipes/building_blocks/basalt_plates_from_basalt_stonecutting": {
    "criteria": {
      "has_basalt": "2024-09-15 22:14:20 +0000"
    },
    "done": true
  },
  "stoneworks:recipes/building_blocks/basalt_paver_wall_from_basalt_stonecutting": {
    "criteria": {
      "has_basalt": "2024-09-15 22:14:20 +0000"
    },
    "done": true
  },
  "stoneworks:recipes/building_blocks/cracked_basalt_tiles_from_basalt_stonecutting": {
    "criteria": {
      "has_basalt": "2024-09-15 22:14:20 +0000"
    },
    "done": true
  },
  "stoneworks:recipes/building_blocks/mossy_cobbled_basalt_stairs_from_basalt_stonecutting": {
    "criteria": {
      "has_basalt": "2024-09-15 22:14:20 +0000"
    },
    "done": true
  },
  "minecraft:recipes/building_blocks/polished_basalt_from_basalt_stonecutting": {
    "criteria": {
      "has_basalt": "2024-09-15 22:14:20 +0000"
    },
    "done": true
  },
  "stoneworks:recipes/building_blocks/mossy_basalt_brick_wall_from_basalt_stonecutting": {
    "criteria": {
      "has_basalt": "2024-09-15 22:14:20 +0000"
    },
    "done": true
  },
  "stoneworks:recipes/building_blocks/mossy_cobbled_netherrack_stairs_from_netherrack_stonecutting": {
    "criteria": {
      "has_netherrack": "2024-09-15 22:00:05 +0000"
    },
    "done": true
  },
  "minecraft:recipes/building_blocks/deepslate_tile_slab": {
    "criteria": {
      "has_deepslate_tiles": "2024-09-15 22:15:09 +0000"
    },
    "done": true
  },
  "stoneworks:recipes/building_blocks/netherrack_bricks_from_netherrack_stonecutting": {
    "criteria": {
      "has_netherrack": "2024-09-15 22:00:05 +0000"
    },
    "done": true
  },
  "stoneworks:recipes/building_blocks/mossy_cobbled_basalt_wall_from_basalt_stonecutting": {
    "criteria": {
      "has_basalt": "2024-09-15 22:14:20 +0000"
    },
    "done": true
  },
  "securitycraft:recipes/tools/universal_owner_changer": {
    "criteria": {
      "has_name_tag": "2024-09-15 21:35:52 +0000"
    },
    "done": true
  },
  "minecraft:recipes/decorations/enchanting_table": {
    "criteria": {
      "has_obsidian": "2024-09-15 21:44:38 +0000"
    },
    "done": true
  },
  "stoneworks:recipes/building_blocks/mossy_cobbled_basalt_from_basalt_stonecutting": {
    "criteria": {
      "has_basalt": "2024-09-15 22:14:20 +0000"
    },
    "done": true
  },
  "stoneworks:recipes/building_blocks/mossy_cobbled_netherrack_from_netherrack_stonecutting": {
    "criteria": {
      "has_netherrack": "2024-09-15 22:00:05 +0000"
    },
    "done": true
  },
  "DataVersion": 3465
}