{
  "minecraft:recipes/decorations/crafting_table": {
    "criteria": {
      "unlock_right_away": "2024-09-15 03:17:06 +0000"
    },
    "done": true
  },
  "tombstone:adventure/root": {
    "criteria": {
      "auto": "2024-09-15 03:17:07 +0000"
    },
    "done": true
  },
  "variantvanillablocks:recipes/misc/crafting_table": {
    "criteria": {
      "has_the_recipe": "2024-09-15 03:17:06 +0000"
    },
    "done": true
  },
  "minecraft:adventure/adventuring_time": {
    "criteria": {
      "minecraft:river": "2024-09-15 03:18:45 +0000",
      "minecraft:forest": "2024-09-15 03:18:30 +0000",
      "minecraft:plains": "2024-09-15 03:17:07 +0000"
    },
    "done": false
  },
  "DataVersion": 3465
}